,0,1,2,3,4,5,6,7,8,9,10,11,12,13,14,15
0,1.0,0.0,-0.5550426624135131,1.2852931781890105,0.32790664205885434,-1.2675905806999785,1.1872444991891749,-0.29504353467525113,-1.0215259251062514,0.32365119388837854,0.354603413210067,-0.6634703301510965,0.34782777701174844,-0.14902971593861505,-0.388581006304195,3.0
1,1.0,1.0,-0.31126200576380514,-0.8311528811425692,0.3168846069049224,0.8379974585750682,0.7607620567548248,1.5115202016075744,1.0624284590116957,0.8527037692342646,0.38392400570258134,0.8617312880670999,0.5496440108463223,1.3623067768543513,-0.5213737216626483,0.0
2,1.0,1.0,-0.43282378872929295,0.5398500161460349,-1.5187614742099953,-0.5259717716419425,0.31278717793792987,-0.8341669798179209,0.9155458733847843,-1.9720638654226679,-2.112115596595625,-1.2357480568102375,-1.655668014045474,-1.1243391189487484,1.857233769184458,2.0
3,1.0,0.0,0.7715577896352612,0.7122278332473636,0.7175196883680874,0.0,-1.1499468784189154e-16,-0.4660431149836613,-0.6780825866752794,0.0,0.27979998969952424,-0.35261907122017544,1.1318324086045894,-0.09573420780592977,-0.3626317968947504,3.0
4,1.0,0.0,-4.78096421817002e-16,0.47643990542453307,0.4718315752568498,-0.46288697431596276,0.3819254973853929,-0.4671671859769491,-1.0953127872976371,0.010929633541968834,0.45825869286699933,-0.9525427900278596,0.07843363415174874,-0.09360981255141458,-0.32029361312144605,3.0
5,1.0,1.0,0.7095941348587991,-1.0519230469660645,-1.747737485217099,1.0576350054604027,-2.5951653591220287,-0.6208941898491213,-1.3592875701052416,0.5562331949861192,0.8906225272851741,1.3394825879868921,-2.189076987990889,-1.1970956459609847,-1.576151302516186,1.0
6,1.0,1.0,-0.2303741382878509,-1.0636313068004486,0.5798750342251577,1.069283198316208,0.3896938478851079,1.280228611560876,1.369285153301152,0.1757286156935268,0.34285042639663427,0.6753562269796708,-1.1910337125832444,1.3286647894365735,0.097730290684951,0.0
7,1.0,1.0,-0.5306645967485423,1.24373151761079,0.5294099115405878,-1.2262421442396856,0.43941129108328353,-0.7536643626374839,-0.8597257681017886,0.43285336623042936,0.5772967391448365,0.42681148094630483,0.535453718932186,-0.31546703196022596,-0.104190278080039,3.0
8,1.0,1.0,-1.488637155588459,-1.1047437164779508,1.1556278143605077,1.1101846886712532,0.30424199238824357,1.4917186229744333,0.9498525759225592,0.07046174846881174,0.22023743172616914,0.0020228463856190883,0.3929156160518261,1.5761167320385376,0.39409757709808146,0.0
9,1.0,1.0,-1.0900459256054056,0.539021603230754,1.037584336678251,-0.5251476087400315,-0.19655766982671286,-0.4675628544588439,-0.7969825594346194,0.45211253678841795,0.12343817662452135,-0.0009375879283318098,-0.20527401754290034,0.047294655866984295,0.2408186437848034,3.0
10,1.0,0.0,-0.18194655231727547,1.5681469597705593,1.1878849428496474,-1.5489932352755085,0.1908240750924053,-0.491077313900509,-1.446507886257343,-0.24456414524830908,0.4130235903655459,-1.3201932923125366,-1.3158532102839609,-0.549939996650706,0.15939905960537196,3.0
11,1.0,1.0,-0.21473537918202057,-1.2715159160767506,-1.3198022469324355,1.2761012955276199,-2.2310886657020554,-5.783908895756885e-17,-1.0279272165063211,0.37589640121731016,0.520712570385185,0.9824021136315353,0.1781307759755069,-0.7142930219668383,-1.0261751435751232,1.0
12,1.0,0.0,0.2929329101106056,-0.9295052261647838,-1.8551723425535216,0.9358452257791289,-1.4164476432986155,-0.04101719387401034,-0.21563811322058427,0.7297891085017629,0.011178004672295511,1.4990189081742438,-2.200282938495634,-0.6313373352132652,-1.0867933372158096,1.0
13,1.0,0.0,0.6829819607501383,-0.9403943562262295,-1.1933902448840097,0.9466784912499873,-2.675697259302407,-0.5446014921243657,-1.0903754246156605,0.08212568183815028,0.6060673622107061,0.855593158817545,0.7287281150208808,-1.1338496262909674,-0.9170203720106985,1.0
14,1.0,0.0,-0.267894018327469,-0.9382911743923531,-0.8517623763716187,0.9445860993866058,-2.133466394422304,-0.6477179828544016,-0.7306364589896445,-0.0541332504532216,0.568934114707882,1.0374559663446192,-1.019849864227168,-0.7173008631443446,-0.4140049280737723,1.0
15,1.0,0.0,0.5237031705294126,0.9189055243131774,0.635599320174668,0.0,0.4779940985652013,-0.816069309193891,-1.7451106011643742,1.0840781763621337,0.8665273729893208,-0.43628104301114223,-0.8910475784884007,-0.22796005181348622,-1.1988897195634913,3.0
16,1.0,1.0,-0.6357334026738476,-0.6656363805266737,0.6394992737773174,0.6733301085791242,0.7315012698725655,1.108307555394379,0.9065823274647975,0.08358496120641713,0.18301212003051642,0.01298582960957954,0.11964732608103795,1.188824810333951,0.13544594322742307,0.0
17,1.0,1.0,0.29122447424190145,-0.9543156012482544,-1.2040419349304718,0.9605283159979187,-2.0827131711574998,-0.9953606443253292,-1.0904773131822294,0.2988643947991985,0.9402310632469928,1.3029406488442998,1.5915879667050252,-0.8823058738433335,-1.0395174496277528,1.0
18,1.0,1.0,-0.8385773075465291,-0.8297738208983138,0.9438852080992369,0.8366254733345558,0.7250276444561361,1.7050197260043503,1.1848838337461767,0.08022672666300627,0.8819422756592317,0.5517664054946416,0.07532926462756019,1.5786948816192607,0.014524728529970722,0.0
19,1.0,1.0,-0.2578405303308638,1.0808003158654578,0.0546095621017922,-1.06414682973494,0.1512054875438592,-0.6772260788015312,-1.297418795021444,0.6020407334215001,0.8410547243036809,0.40052385217764275,-0.5239176172878554,-0.5381882179396478,-0.7144694580778678,3.0
20,1.0,1.0,1.229681438735467,0.5984983450569005,1.0187771747777656,-0.5843192165643932,0.2182722468580647,-0.9354050824547215,-1.4199409657164601,0.0,0.8501290946797272,-1.1730770639670116,-1.18937210517305,-0.2120225040275934,-0.6629912693708724,3.0
21,1.0,0.0,0.16289465687347035,-0.8608377875300823,-1.2733852400475298,0.8675300722511701,-2.253616882151229,-0.4921587397019159,-0.7208620011973353,0.6177488750610098,0.17042447990623905,1.4357874378958677,0.7245759166675099,-0.8833474462739469,-0.8177410080757788,1.0
22,1.0,0.0,-2.623235699623636,-0.7215456185146041,0.1832455750613358,0.7289525149585937,0.4870571741482021,0.6120814102657645,0.5422017640798897,0.08142122255479046,0.311799706577528,0.8149049256707996,-0.051245113124667764,1.0520694439741254,0.34482559647852873,0.0
23,1.0,1.0,1.5946953329912965,-1.240839168490423,0.40591189067555256,1.2455819291034977,0.4572784972326279,2.085104919139356,1.4340034189452655,0.5610553154344261,0.7975794259605737,0.49430550588108824,-0.956043540343156,1.4215847378585735,-0.9058842740455118,0.0
24,1.0,0.0,0.3454344585373217,1.1145833626282344,-4.454144349310457e-17,-1.0977565590641332,0.9425414584481543,-0.803960946858998,-0.09369491793456276,0.4378878937486474,0.5618245121224619,0.9621194593130353,0.7493359849128455,-0.18918811965220056,-0.15503812161919361,3.0
25,1.0,0.0,-0.857435811174148,0.6656071934328293,0.4281935268182248,-0.6510837758815843,0.22163853207460807,-0.12593477977663234,-0.9518328660188613,0.9217863323346056,0.09118177593723185,0.03355309730652264,-0.8884379247077391,-0.007022945343927044,-0.4382732170356416,3.0
26,1.0,0.0,-0.6172034444055949,-1.1620396884717754,0.009306669999181191,1.1671867146841142,0.18590411977591914,1.6589919803790163,1.4034015027660407,0.8651929002728496,0.5475316000783405,1.8140749113940395,2.0930071769530496,1.3366788241777163,-0.4513003505043505,0.0
27,1.0,0.0,0.9970713243042093,-0.9657983893373682,-4.454144349310457e-17,0.9719521938479423,-2.4708717511265896,-0.3734341703920013,-0.9445067361432425,0.4295367353127845,0.16774121285782406,0.7429752430881245,1.3175760882328216,-1.0651723048375679,-1.065676774093144,1.0
28,1.0,0.0,1.4822671110161887,0.9671061141661819,-1.2233178584005027,-0.9510359143031876,0.29000001647209983,-0.42825151767053066,1.3468599435126132,-1.7030019892863983,-1.6840038159709974,-0.7138156296036854,0.9881502713085063,-1.2124660008391208,1.5136956527112437,2.0
29,1.0,1.0,0.9094154224253117,-1.306518770349471,0.3303520546846642,1.3109245743785838,0.3091619477047297,1.6875407401477769,1.0878044439271544,0.16730337655303354,0.7478805493427197,0.10843013169721269,-0.04709472961398408,1.2612650843309492,-0.6547967821889424,0.0
30,1.0,1.0,0.1660486923233857,0.9510570417353895,0.9357058627552439,-0.9350691785563724,0.6473441394589867,-0.6306357480513561,-0.9524755568434911,-0.011161003350400019,0.4441575709996883,-0.974027372029239,1.3496853114903185,-0.11655878135261459,-0.06710497070540763,3.0
31,1.0,1.0,-0.055916552464407625,0.4735664572854694,0.4573682325346272,-0.4600282678507481,0.5616333389454652,-5.783908895756885e-17,-0.5960446539140007,0.24064233161863896,0.5425457390415417,-0.09243729229105829,-0.7122377205421807,0.04217616956605778,-0.2375082810783596,3.0
32,1.0,0.0,1.589307189097691,0.7562196246530204,-1.3110750997915999,-0.7412313374249779,0.1310077762446003,-1.012896850058488,1.1840795967822144,-1.9896690509471362,-1.9784753904152967,-1.1913852024020382,-0.925920125333341,-1.3881846553513333,1.7279079522491287,2.0
33,1.0,0.0,0.8860887019103126,0.7924386008284654,0.7318046396064538,-0.777264499098794,0.22112064204129356,-0.8282467175049857,-1.2115338692933348,0.45786156908988923,0.7690714748803521,-0.458188510726518,-1.1473518168301362,-0.289146989351701,-0.6410342460244192,3.0
34,1.0,0.0,-0.6484152535453823,0.9724978705661058,0.32013517596207325,-0.956400009332356,0.02924238469833466,-0.008425807091488824,-1.416294985946086,0.19957840585826606,0.23227174283149948,-0.9448804121648536,-0.6897191038241195,-0.44910799362653736,-0.4034991752764263,3.0
35,1.0,1.0,0.10066816580951526,-0.6672203726759656,1.608247678873291,0.6749059743608902,0.9601497195808414,1.0043100011141501,0.8600267229634009,0.8159885880250198,0.7558658639412895,0.4047703638930563,2.2035537777265892,1.6902336533911055,-0.23341103748739472,0.0
36,1.0,1.0,-0.2727564896460885,1.2551441881983585,-0.9695057664493657,-1.2375962643125396,0.603582431643926,-0.4888775340612393,1.4392995899381213,-1.7743956802193408,-1.5435960763090282,-0.10361430079298052,-2.869034184146409,-0.9735425770501862,2.042240075945721,2.0
37,1.0,0.0,-0.08489425316050497,-1.1854849909113887,0.5797395740431791,1.1905117355020918,0.29958098208841466,1.7205805450526623,1.1229163485057965,0.9106918076044672,0.6196150390591315,1.0235197791037005,-0.07878407026395201,1.511569033291321,-0.5984859471951679,0.0
38,1.0,0.0,0.2814338225327892,-1.100584471226183,-1.2966428129195426,1.1060467816284913,-2.688903455151922,-0.2659939585744661,-0.9782893138042549,0.04160298665215142,0.5068033638129293,0.8434437032830769,1.092791866176168,-1.0185685271721732,-0.8678534489191192,1.0
39,1.0,1.0,0.5595803237721999,-1.2718231442678158,0.5559103478442524,1.2764069475434523,0.22526376230780865,1.598286232362085,1.1628483366173288,0.644457439188167,0.4083859374061647,0.5056435813237449,-0.3149734395384707,1.3811284146378822,-0.5166461329038426,0.0
40,1.0,0.0,-0.2743992164429194,-1.0185303080835977,0.1944242982152056,1.0244135816118956,0.2811958859057558,1.531323222394526,1.0866231266634938,0.20840395901542114,0.04533140595291392,0.2245373505812095,-0.14471725667412735,1.1062701690707126,-0.12499166861878405,0.0
41,1.0,1.0,-0.5887514162844835,-1.1310045904137347,-1.4380808155555294,1.1363108362365542,-2.166352411537764,-0.5347780268641004,-0.9431263933218509,0.7227867408353612,0.4800810170011025,1.630043528304528,-1.2110885658856307,-0.7043058434132519,-1.0419337727711422,1.0
42,1.0,0.0,-0.5589852067259072,1.3184673282328643,1.1369660243809292,-1.3005945371379306,0.32987754903730265,-0.4448238286060552,-5.648578695318763e-16,0.6388356707188132,0.20165835894621667,2.795608922035752e-16,0.351782459594802,-0.1822866996856732,-0.06531899272985883,3.0
43,1.0,1.0,1.5841161724197055,-0.8251655341311923,-1.2115650300797067,0.8320408284976991,-1.8351617352332505,-0.38628121351393324,-0.4635964752949977,0.6357279166409435,-0.43678250593147083,0.5027364311888902,6.878786317338385e-18,-0.8693715838579165,-0.8893902421536785,1.0
44,1.0,0.0,1.5753111567886917,0.6972082460327615,0.7631490269151265,-0.6825227053499465,0.2889642364054708,-0.5905428677411676,-1.5991120441438562,0.0,0.7283171372145817,-1.3456990306838104,-1.6362713755019938,-0.29281254513335636,-1.1114818562895727,3.0
45,1.0,1.0,-2.698998259493478,-0.6018181071250863,0.3032054026452919,0.609839242573304,0.6885163971074758,1.5588218744556976,0.8014329134269,1.1017134281271346,1.1573528227587122,2.3233915022712286,-1.0104857923230472,1.533361845236097,-0.43848333209158846,0.0
46,1.0,1.0,1.016389791434941,-0.81156698608681,-1.4605201478176777,0.8185120451925383,-2.6018979295551152,-0.26914055561238287,-0.8779732604689294,-0.06367921345229799,0.6154935688259705,0.9062656964129225,0.7080188071511233,-1.2490218702052438,-0.9671328128540387,1.0
47,1.0,1.0,-1.558617317133456,1.630385145515917,-1.5214801052854396,-1.610912119961373,0.265659184906326,-0.4587906880012721,0.5856388930436179,-1.408842806861479,-2.31551443806352,-0.5130399949114789,0.12221895120254692,-1.4761786193077666,1.9248908171993662,2.0
48,1.0,0.0,-0.9816259570145652,-0.8378861487051305,0.7168489290898206,0.8446961824014836,0.4559837721493423,2.1072407169605087,0.8867142769682882,0.27806447747722934,0.8212142034342592,0.40870463368075527,-2.209986375732984,1.458906031189105,-0.3081069398765247,0.0
49,1.0,0.0,-2.1446108200989804,-1.614877222492075,-1.151629413146511,1.6177010527008753,-1.4902469730459071,-0.663393283231539,-1.0385745564117208,0.7883167907115648,0.5869182440048323,1.3991337549321956,0.5917725663775681,0.0010220271921843173,-0.93225371356685,1.0
50,1.0,1.0,-0.3582439921531694,-0.7369787959607486,1.663538417289997,0.7443065154517007,0.7387517303389654,1.157199780425072,1.1031204444790452,0.23256464265572893,0.35608320840715646,-0.014891706799856231,-0.4030938929072824,1.6363583480638206,0.38086032857342544,0.0
51,1.0,1.0,-0.5592480430134003,1.1660040423007867,0.5508609484001437,-1.1489134348146608,0.8322308813522021,-0.5152008575932885,-1.0925741913285567,-0.6157171481009335,0.4956896797342344,-1.3607757748611822,-0.5672566802567364,-0.32539920998942573,0.12105306189505909,3.0
52,1.0,0.0,-1.833478364779205,-1.4108662783794026,0.7804714740303456,1.4147367475578858,0.01966141908201959,0.7995168534471767,0.46221889839218006,0.40655908937235224,0.021207341836513367,0.1096900061920971,-0.11619537553357505,1.3945279173920884,0.16433676342012454,0.0
53,1.0,1.0,-2.1753626657356553,-0.6032789674630828,0.8396081148694249,0.611292608247886,0.7566189364883095,1.3013709631287038,0.9842679736279751,0.11555471405222591,0.7799439434232033,0.9900001908958014,-0.5220029265453022,1.4862836880478585,0.3363159367126785,0.0
54,1.0,0.0,-0.8193902585595441,0.9071792905339319,0.6015506791505438,-0.891416533730993,0.7561010464549959,-0.6251384260461028,-1.1027991959726748,0.4258751954745944,0.5052521293875516,-0.34873022049637276,0.3708141597498434,-0.021560271446428213,-0.2920331380965853,3.0
55,1.0,1.0,-0.4837483194310513,-1.487311701157331,-1.3051349061516668,1.490789981775141,-1.5788061687426576,-0.7934716567836017,-1.2866195512680836,1.0235997871885791,0.3860621290659009,0.8437580857455405,0.5099397079819137,-0.34282291777807533,-1.431592144024705,1.0
56,1.0,1.0,-0.7578208582143213,-1.1930472755244836,-1.8566761351424326,1.198035223266271,-1.1499468784189154e-16,-0.30573678098596113,-1.0656804421613388,0.8951093033871448,0.6112013140332109,1.9138368867973077,0.2704303406409456,-0.7977448592841659,-1.3803240703736568,1.0
57,1.0,1.0,0.7352863819612346,-0.8760705952329931,0.4868272131686702,0.8826847309595311,0.6905879572407327,1.6312202284813724,1.0856068329476969,0.5150496733549932,0.6816603478476964,0.38593257406785486,-0.48046165356612913,1.3045997683279829,-0.6513298837658184,0.0
58,1.0,0.0,-1.3840283131662663,1.0669227521338749,0.19642406439817398,-1.0503404621789783,0.6988741977737625,-0.3023378762818987,-0.9180393349991913,1.2795647228361804,0.2266560216348789,0.7944061081271725,1.1032831567749752,-0.008891817328886522,-0.5381829261384019,3.0
59,1.0,1.0,-0.859932755905331,0.963912884690564,-1.2083973677141013,-0.9478590670781537,0.6955079125572193,-0.5837881668052168,0.8417964559784842,-1.7064651038819372,-1.6380322533448117,-0.802856589101229,-0.5551367897431893,-0.9350284598469731,1.7163516241720482,2.0
60,1.0,1.0,-0.4159365572578711,0.7433765915639698,-1.669048084089116,-0.728454193050763,0.17476948405966125,-0.22264861999659935,0.7290392928490262,-1.6178117537333019,-1.941296854758409,-1.0332067302713934,0.21728096644652506,-1.195292087098738,1.412945483384696,2.0
61,1.0,1.0,1.3225940663642235,1.1449682981056069,-1.3585385358152708,-1.1279856104652852,-0.2765716799737768,-0.9892298495408974,1.2481623781414835,-1.8941508803685423,-1.9308241766262622,-0.41064717359268904,2.193946080391785,-1.6704931802846579,1.913019316538365,2.0
62,1.0,1.0,0.05368617942015107,0.70189249762221,0.5825075079739667,-0.6871829252861978,0.7032762630569346,-0.267713377627275,-0.8062823191674547,0.9261469361429875,0.14040025792174365,-0.30063145339527275,1.0376633746508481,0.1153887425930155,-0.5740075431773518,3.0
63,1.0,0.0,-0.22446032181925957,0.8192325689817814,0.7399907644337178,-0.8039210059441214,0.635432668692757,-0.5507566162865288,-1.0405313596107812,0.8074895035546731,0.4037669358277393,-0.23955295488842923,1.3807799609755325,0.045468180119574896,-0.49447899450144256,3.0
64,1.0,1.0,-1.2545814415759902,-1.2449448480325258,0.6446547137696937,1.249666545245181,0.1563843878770024,1.3186225485075547,0.6846745593681476,-0.04979545520057089,0.3292815663055281,-0.13509902034277282,0.37494961806898575,1.3128853681582964,0.08753971047152537,0.0
65,1.0,1.0,3.2627858315652816,0.23977937996887677,0.7794367205105749,-0.22744059023691157,0.03234972489822064,-1.0966794212519166,-1.004979323913014,-0.09336627432557944,1.0917300794587284,-1.258321136186636,-0.13115097470586162,-0.37572583564937934,-0.9218530182974775,3.0
66,1.0,1.0,-0.18096091623917693,-1.4094741491537473e-17,0.7406863351728517,-0.975059118844061,0.9844905511466148,-0.16158790794212483,-1.0672621958542063,0.5128228375330736,0.10708127595482743,-1.1379719686811522,0.03996999692173284,0.05067489642837696,-0.42083366739204725,3.0
67,1.0,0.0,-2.003402024643395,-0.8618003679094184,0.7077604167540908,0.868487714296728,0.48136038378174395,0.8075477398668957,0.7680395964485842,0.6835120077779082,0.7135228623864948,1.4561650041851317,-0.2359362829938979,1.4418272225221451,0.03196427817356507,0.0
68,1.0,0.0,-0.38945580129295676,0.8409038725392782,0.7399319990434078,-0.8254811290405615,-0.05931681099841566,-0.03814856326274626,-0.8937940859212344,0.9134450037702765,-0.09094365175976014,-0.098484853919851,6.878786317338385e-18,-0.12062767431312171,-0.2653485259913265,3.0
69,1.0,0.0,1.2120056984015664,-1.097960923935428,0.7789880577061947,1.103436693943275,0.4554658821160276,1.6981268678428847,1.3536117970745996,0.41030339095788654,0.2514794962200781,0.002250899923823436,0.3742700038448485,1.3815672729887332,-0.3585345533037855,0.0
70,1.0,0.0,-0.5495888094480345,-1.17900476056412,-1.5409364640419758,1.1840647507321298,-1.983796174794463,-0.007404174518699788,-0.682604585377851,0.6238504885328112,0.09045183533633512,1.1903148672691624,3.154971337765646,-0.5965976289962289,-0.9700744236372956,1.0
71,1.0,0.0,0.501033540733146,-0.8659479906216956,-1.3498160616639532,0.8726140584272059,-2.68087615963555,-0.6622788462903216,-1.0465237736767672,0.002536483478157697,0.9461592872188402,1.350645488423376,1.0103414525591603,-1.2003704688506345,-0.9325688861507705,1.0
72,1.0,1.0,-4.78096421817002e-16,1.3620356600891685,-1.0290198939532271,-1.3439393500346846,0.5108801156806609,-0.8056931020533026,1.0805360609287338,-1.7890200028872962,-1.7799603925046774,-0.6610484887346074,6.878786317338385e-18,-1.2490550996887293,1.9410696765072788,2.0
73,1.0,0.0,-1.184272734671627,-0.9082807931912323,0.9329727504802748,0.9147296806829222,0.5194253012303479,0.7929446063063224,0.8492943373445044,0.6040809363164595,0.12143649881940785,0.5861774852586494,0.0437996060006839,1.4205706656901533,0.18188137059169238,0.0
74,1.0,1.0,0.3138283949662949,0.6048155697703691,-1.0742467241735576,-0.5906040319696548,0.7874333934705129,-0.13947238885174357,1.2911070036026748,0.0,-1.5429399058002438,-1.314489928776806,0.30473273665143297,-0.7136536408708182,1.6275780130344744,2.0
75,1.0,1.0,-0.3603466824531129,0.922202558922332,0.8847984683049966,-0.906362728126056,0.7514400361551667,-0.39406548769516836,-0.44282528390398906,0.5035364149130036,0.046552253111314404,-0.1461164973817829,6.878786317338385e-18,0.13445559104777913,0.10056684394023438,3.0
76,1.0,1.0,-0.9563279643433692,1.0607573630849751,0.6932689863408357,-1.044206703474568,-0.10851636416327692,-0.3393291294234297,-0.6208928150825386,0.21069109630771876,0.09315422969936471,0.24316486769112922,0.9052439117300367,-0.3037759829948466,0.37424170431109754,3.0
77,1.0,0.0,-4.78096421817002e-16,0.4817646416268668,-1.5327537771986115,-0.46818439298179426,0.13981190681094396,-0.5008456059235278,0.9693901850312465,-1.8842464452379801,-1.9219888888795877,-1.5196864410127364,1.6121100144969611,-1.2398826164026493,1.351066599408328,2.0
78,1.0,1.0,-2.9932434833418315,-0.8607734953086731,0.33386999628581987,0.8674661098686556,0.24597936364038184,1.1271961119157612,0.659628492638781,0.16154576177738306,0.0,1.3061944057825836,2.21007247211926,1.2650956416857742,0.24617657771144982,0.0
79,1.0,1.0,-0.8469223596744302,-1.4094741491537473e-17,-1.2818726494437014,-1.0878265227266797,0.33091332910393145,-1.480685889020685,0.504211205551122,-2.1707629723885504,-2.3434731837102594,-1.5435429765815745,-0.9329731974744176,-1.4726391063944997,2.281876297253183,2.0
80,1.0,0.0,-0.4175135749828288,-1.341996324539585,-0.14292414773915454,1.3462201177901785,-0.04792323026550029,1.8599685024318775,0.9305856974312874,0.37337935137276285,0.5462746077038448,0.6693012040308558,-0.9378254753655277,1.1351809655467973,-0.6226491786290637,0.0
81,1.0,0.0,1.3381014073263073,0.8235819387737838,1.1291659739299031,-0.8082480621296766,0.03519812008144948,-0.6751786486324474,-1.4296275128199456,0.08926809658265152,0.6140241444130841,-1.4799680468058216,-0.24799117046960373,-0.36485635701705693,-0.49637003000496493,3.0
82,1.0,1.0,1.471819368588344,-0.7597857034156679,-1.590774001186164,0.7669964164478532,-1.7934715875514473,-0.9179678088903219,-0.9881384169341638,0.6653707901687479,0.6596522098841933,1.2197984127324661,-0.664566020085695,-1.062422278618134,-1.4806540095883107,1.0
83,1.0,0.0,-0.5003727146149802,1.0090189695433052,-1.4865822231751222,-0.9927337438249131,0.20040504070872037,-0.960008467757079,0.7721576088920176,-1.623896719398757,-1.949428362816718,-0.5639142214772738,0.8547034591555872,-1.3353761310283383,1.7733978618616366,2.0
84,1.0,0.0,1.2198907870263547,0.7246413162008488,-4.454144349310457e-17,-0.7098150354198944,0.5378103974130061,-0.8814951240275666,1.035033190085086,-2.25588464309412,-1.8380459515152683,-1.8578555008403415,0.3397085724028123,-1.1424446040709682,1.7767597027567876,2.0
85,1.0,0.0,0.8736696873262709,0.6906353064129174,0.42631333631035584,-0.6759834869345283,0.30605460750484365,-0.3812123277753877,-0.9877296432301085,1.4717450617610135,0.3826414034189848,0.2909257483712913,-0.2847505090298039,-0.0809654211632941,-1.1125324315693073,3.0
86,1.0,1.0,0.7990241816782742,0.8604319191140067,0.45033438023567907,-0.8449089907225832,0.07507565264665281,-0.8952026655497158,-0.27241183254114204,0.4652311490263238,0.6274661833579392,0.9890430046559266,0.618617805785319,-0.3301177966442759,-0.13528730636018313,3.0
87,1.0,1.0,-0.05644222503939352,0.7531850915149801,1.155204961427396,-0.7382123723764387,0.27705276563924114,-0.8176581286864383,-0.9841432777883491,-0.2037914610005762,0.5645745178113721,-0.9002586412444579,0.580658698205297,-0.10334146783544526,0.16129009510889422,3.0
88,1.0,0.0,0.6455934988542666,-1.1093244903985944,1.0698303367295545,1.1147419618110075,0.6957668575738764,1.6398354138666595,0.5844379602917684,-0.10344197679026453,0.21911442806354053,-1.6176827136043865,2.1627512033160796,1.4039249861527556,-0.325756604576066,0.0
89,1.0,1.0,-0.20809876292282367,-0.8414135164484132,1.3673612573905123,0.8482054536619698,0.6722028610580748,1.4357515789171642,0.9478012349410754,0.38831340555466337,0.5559560927773154,0.028195318593278076,-1.7476676495097985,1.6015888498960709,-0.051346341509388646,0.0
90,1.0,1.0,1.4127469129743042,0.6368336077611455,0.6347469280066892,-0.622457807565393,0.3948727482182511,-0.6542094421072023,-0.8018036956411103,0.0,0.6269270545991814,-1.221149006770509,0.27945440335403465,-0.30446692708247797,-0.2888814122573815,3.0
91,1.0,0.0,-0.8530990124305144,-1.424450674005014,-1.3599253017247153,1.4282514510505422,-2.232901280818656,-1.2426516726450292,-1.7111988072073003,1.0698134166900157,1.038268753809518,1.6813177674209954,-0.04924203530648452,-0.6444858980749464,-1.5550347393935204,1.0
92,1.0,0.0,1.3672105261661514,0.8510861626045259,-1.5533883362684588,-0.8356111808220773,-0.1882714292936836,-0.8621057459887413,0.8364287185462447,-1.9011237697319312,-2.105873080787947,-1.3247241909853213,0.12034490316221257,-1.6386112096473215,1.5613917704111948,2.0
93,1.0,0.0,0.12852881228376759,0.9634573880254758,1.024408167211868,-0.9474059072512302,0.1374814016610295,-5.783908895756885e-17,-0.7680481870736047,-0.14032714569638205,0.1371162897499992,-0.9644110626534964,-0.6305031164464835,-0.2373227452464125,0.2361961125539712,3.0
94,1.0,0.0,-0.22156912265683718,-1.358879752617094,0.9623980390109523,1.3630169286822977,0.36405829123604855,2.0158197208696595,0.7239337972103681,0.6769886194468475,0.550249167481249,-0.18179308966550425,1.3349809276879558,1.6931372227411277,-0.6460770073671454,0.0
95,1.0,0.0,-1.3573504299857322,-1.014396241353693,0.36122210560556267,1.0203007239174255,0.37338031183570636,1.3917337587532248,0.9478375277211588,0.3998288269143556,0.24325665093312232,0.6745549640399809,-0.7654594393548065,1.3100929457013093,-0.030650008498617053,0.0
96,1.0,0.0,-1.7299865765788571,1.2831126755575901,-1.3235541438837504,-1.265421264718556,0.4666005178322855,-1.127248098938356,0.7988698881341545,-1.5955544979426497,-1.9502855709598863,-0.12312581121234392,0.3254859643224924,-1.2100402485447246,2.1568578389647652,2.0
97,1.0,0.0,1.4946204165283572,-1.0643231853256698,-1.4051944236968823,1.0699715272915264,-2.194059528320081,-0.3618813491171403,-0.8683431078169905,0.4921851672204139,-0.002604407576237719,0.3939525928954988,-0.6769666068529041,-0.9860494671273335,-1.2132826008958555,1.0
98,1.0,0.0,-0.74053937231166,-1.4094741491537473e-17,0.8064329527032185,0.0,0.09734492407916893,-0.04319867436251964,-1.1173508662497276,1.4448195270637998,-0.10081967964487955,0.010152756051775735,0.14187376689989473,0.11364362178793087,-0.5762137512647943,3.0
99,1.0,1.0,1.9593806818877597,-1.0646323873490864,0.24179703692962584,1.0702791430133427,0.559820723828865,1.8441785895362244,1.273676636926422,0.5318003660021537,0.37511829196450963,-0.013770231664533977,0.3437778187476698,1.1783391895280897,-0.8922267954089619,0.0
100,1.0,0.0,0.10737049114058539,0.7143941470409844,0.9550858313378205,-0.6996204373934968,-0.0015720722838679852,-0.21802760900736334,-1.5753103585165904,0.483482763437026,0.28190144506829706,-1.3689615422279489,-0.6792366229765391,-0.18914343172613357,-0.5710659323940949,3.0
101,1.0,1.0,-0.5815891274503007,0.8121138456737025,0.9480563965485274,-0.7968388038788663,0.6227443628765559,-0.6961717384913458,-0.17807948343436644,1.7704199945736108,0.09210159603473489,1.6659404951297938,-0.2295779575546241,0.41014457370207014,-0.19012733596232922,3.0
102,1.0,0.0,0.6258807772922956,0.8039975946063752,1.1274485982558018,-0.7887641916789622,0.5191663562136902,-1.1062806975984274,-0.7380728495352831,0.5452831602936924,0.7047458046985804,0.06748716911101296,-0.22465278099959793,0.02067669375135028,-0.2055707925744278,3.0
103,1.0,0.0,0.11663547027471176,-1.4094741491537473e-17,-1.0370170807881143,1.1384247820153761,-2.506088273391964,-0.38143394736375763,-1.0608766442434112,-0.4229827791644017,0.8435962282975433,0.4413825253575651,-1.5947908208714814,-0.9116463619162112,-0.6992361165217159,1.0
104,1.0,0.0,-0.7844987413948553,-1.3739785300663792,0.6229313894255818,1.3780382447535096,-0.14114343626207965,0.8128847914453171,0.9556542233268884,0.8834300595306074,0.0769729701020601,1.1212861042891558,1.148636916168731,1.3315775255406601,-0.056914390491982034,0.0
105,1.0,1.0,-4.78096421817002e-16,-1.2258186748286117,-0.06357397495523633,1.2306384951998215,0.0828440031463677,1.3578832038213073,1.2212726697899392,0.0,0.7570345586281191,2.3962975021524393,-0.32180107903339206,1.408047733793394,-0.10744706144721625,0.0
106,1.0,1.0,0.48762889007100574,0.7093153790781208,1.3123492888964616,-0.6945677250743194,-0.6973573320416693,-0.4657546923250188,-1.0812554799957201,0.13176980070974467,0.2679866247696271,-0.7681517859440119,-0.5070870428078222,-0.3532019750679321,0.0827070641847462,3.0
107,1.0,0.0,-1.0744728755714485,-1.2591989950257194,-1.0756126679911993,1.2638475640746496,-1.1499468784189154e-16,-0.4749598773309547,-0.8985554199995415,0.47104094421127685,0.37393265921511115,1.079699272780325,-0.579519419062349,-0.40602081198925005,-0.7457766014139587,1.0
108,1.0,1.0,-4.78096421817002e-16,-1.210124435817281,-1.9972805013943884,0.0,-2.8230369737803334,-0.4122822978917142,-1.4369428158316626,0.5743665205349227,1.065515542456386,1.6428093520550373,-0.09198664294796546,-1.1993220213544704,-1.6953915967660629,1.0
109,1.0,1.0,-0.5729812390349066,1.2227989251178069,0.09899236325113978,-1.2054169423925079,0.5577491636956078,-0.3582256243175711,-5.648578695318763e-16,0.843942115874838,0.37559927614433675,0.5226054797128581,-0.288911014029,-0.3108825090835736,-0.5104477387534085,3.0
110,1.0,0.0,-0.079900363698139,0.49838012619195715,1.4593432593270677,-0.4847146349942283,0.13825823671100093,-0.3342710137753091,-0.8431766328728066,-0.5183691409283269,0.0478829590738617,-1.8495572520455683,1.4234221533646667,0.06785453939004897,0.4867583167706731,3.0
111,1.0,1.0,1.0814417725894452,-0.890484687963189,-1.6130818499968755,0.8970248749551152,-2.833394774446621,-0.32752220880296107,-0.9654064325716503,0.3573230196952648,0.4399113871547247,1.2174138226054716,0.42270609641956736,-1.316368866474995,-1.1680028063392942,1.0
112,1.0,1.0,-2.372884135786604,0.7828650931907504,-1.4994419603037055,-0.7677401065034789,0.6802301565744461,0.11472182533565971,0.8220315330684651,-1.3454444847944103,-1.3875346771268875,-0.0848951186115328,-0.7650987690356674,-0.6318140064246325,1.4723029866897006,2.0
113,1.0,0.0,-1.5203746373032323,-1.101862050244387,1.0122450152957996,1.1073178062728943,0.26462340483969726,0.8656609798583957,0.9697283597162921,0.8396055363354351,0.44701714924581604,1.348467995459581,-0.4076527520788073,1.5848079607362167,0.12105306189505909,0.0
114,1.0,1.0,-4.78096421817002e-16,1.27735281783327,0.5288886642282877,-1.2596909568381451,-0.12146361499613512,-0.20823959426899669,-0.7042698671924102,0.7542729043565123,0.04625824538077185,0.704996705879437,1.6048971358425308,-0.3877801172445773,0.04467623905835373,3.0
115,1.0,1.0,-0.06406447737668897,-0.9433460767962384,0.8906529560904242,0.949615068584472,0.407043164001138,1.508976779699555,1.372576198911796,0.5824795602619195,0.14095667759133698,0.6594513911209566,0.9843096622227905,1.4529739954649274,0.022614158183927133,0.0
116,1.0,1.0,0.8263591555775406,-0.8056542834660709,0.6170449308528491,0.8126296765570957,0.721661359239593,1.6808031303566122,1.433147449778524,0.0,0.6819451670910117,0.8284686465399271,0.7449195859820527,1.3933053015686965,-0.48029622822502555,0.0
117,1.0,1.0,-0.8684749352488518,-1.4094741491537473e-17,0.7054832121071973,-0.448483321323366,0.3524057654864762,-0.34179020248118197,-0.7111179677317785,0.6509307243280512,0.11363488466109155,-0.08803030986839275,0.234082220614821,0.19901131070480196,-0.12268040300336794,3.0
118,1.0,0.0,0.46233089739980965,-0.7712255772707199,-1.8568058608115947,0.0,-2.218918249919169,-0.08561180422673827,-0.3755098044803675,0.8052062520962997,0.014369656922099627,1.9258128106076045,-1.416086805635788,-1.0190875946210938,-1.0332139979493453,1.0
119,1.0,1.0,-0.3389255250224378,-1.5166615522811213,0.9065803455004886,1.5199892591242044,0.08595134334625368,1.7097044029565818,0.9513635008471907,0.711340705508419,0.8050060165869052,0.6700424115436571,0.610929018744601,1.6888277024864182,-0.5238951023340114,0.0
120,1.0,0.0,1.55375858121427,0.9691007643759587,-1.2069556768670204,-0.9530203313431238,-0.0341991443826707,-1.0065618796027496,1.2235574616776852,-1.9661315861310051,-1.664080177564947,-0.6622256477336363,1.1525486856079386,-1.4676237460767991,1.7645730295118665,2.0
121,1.0,1.0,1.3788410318877142,0.5337967505252968,0.9672526485679285,-0.5199495611379781,0.03908229533130687,-1.1697271840573562,-0.9539514173055249,-0.014924576111936295,0.9664137284851604,-0.513955864223543,0.8675995797178291,-0.2619893345905038,-0.32670212232782714,3.0
122,1.0,1.0,-0.7919895755884043,1.2944583283553428,-1.468802406556213,-1.276708710823495,0.2141291265915503,-0.3988357432757418,1.049379997717858,-1.6616543947024944,-2.3132328692115722,-0.5743784259648885,0.0004555151868325727,-1.3503156484654295,2.0378276597708354,2.0
123,1.0,0.0,-0.062684586867351,1.213016490811248,-1.6709758522378053,-1.1956846949864999,-0.4319386899680755,-1.3646468980479491,0.7544485316472643,-1.8751115605625426,-2.5495614965987876,-0.6987024237963494,0.6664695975385434,-1.9119179820890246,2.184382911293812,2.0
124,1.0,0.0,0.24995917710550888,-1.327120420235337,0.5577255500251713,1.3314205314561343,0.30683144255481515,1.4277532455323458,0.7816542991457439,0.6625318687576505,0.3971379833852287,0.09978971457636587,0.6503301273209791,1.384070942692679,-0.6334701040103301,0.0
125,1.0,0.0,1.1543788423687378,-0.9041195415078758,0.8780249368771404,0.9105897775021838,0.7333138849891648,1.5014534237231807,1.003957285599172,0.7522998515856788,0.39449059970051487,-0.019530559596780378,0.610494742199064,1.4131135112584476,-0.6429252815279415,0.0
126,1.0,0.0,-1.4645876352828544,-1.3164519643547965,-0.9732123300364145,1.3208068080396758,-2.3856788406463827,-0.6797681876447661,-1.074594625856592,0.7701686871583395,0.3196174824365249,1.5552900881103657,-0.11495455013991739,-0.4890463952425665,-0.69146185945168,1.0
127,1.0,1.0,0.9017931700880162,-1.0007720668885056,0.7329528986488762,1.0067464456628903,0.4691899679988573,1.591423602501238,0.6058017497929256,0.9515006958343135,0.804244195175404,0.20407705329476072,0.44632896801947897,1.360482592795459,-1.0553811363517451,0.0
128,1.0,0.0,-0.4227045916608145,1.0868084366996469,0.12152017214323825,-1.070124127059013,0.22422798224117965,-0.5537616566073709,-0.7578003180142392,0.8398767594372313,0.5168204615388784,0.9946446071412379,-0.6442332943549727,-0.3601664164686586,-0.42608654379072025,3.0
129,1.0,0.0,-0.8699862439019362,-0.9311423106482316,1.3485141182267741,0.9374739115150269,0.646308359392358,2.1684195010511726,1.3313875047638577,0.8566900196123047,0.926928733375846,1.14697947490398,-0.11011654483368155,1.9682498457335944,-0.24895955162746675,0.0
130,1.0,1.0,-1.2324374843547095,-1.1644952916576656,0.7319070514994003,1.1696297198694432,0.43552711583342596,1.5430655430455327,1.0046675839122416,0.863703948295724,0.9451443752674787,1.4078943484144273,-0.036673705309454366,1.6922755478590374,-0.41453021571363957,0.0
131,1.0,1.0,-0.19324851267947218,0.5776197178023849,-1.7695999059729919,-0.5635477030973908,0.4950844696645739,0.5548870023341861,0.513065930947392,-1.074076018249395,-1.3526358647828152,-0.9874727506558376,0.10058521107686025,-0.8477093981585594,0.48759877699446075,2.0
132,1.0,0.0,-1.0500291008346045,1.2028085651553322,-1.3076007863784482,-1.185529139132791,0.7164824589064496,0.06192467161552267,0.7486172486825222,-1.5701068188166354,-1.8607792356357788,-1.0743908939954814,-0.26715861307198047,-0.982434328493031,1.572002580736514,2.0
133,1.0,0.0,0.15882069441732968,-0.8983787764128007,-1.4925501988124852,0.9048784642999491,-2.642293352153632,-0.3627142478057844,-0.904573910299786,0.2916199521988247,0.5965083278709991,1.502794709338062,0.3442229928388229,-1.1060732156303992,-0.9452808470355593,1.0
134,1.0,1.0,0.8440348959114412,0.2249577170358808,0.09800632627269679,-0.21269496699918117,1.102569478742282,-1.0376529161512866,-0.06751260179519096,0.43681688159670096,0.8096881024685063,0.5924754875670984,-2.1731835457964834,0.2245865545455641,-0.5268367131172683,3.0
135,1.0,1.0,-4.78096421817002e-16,-1.2740017877896073,0.5894353464113601,1.2785744139530504,0.12013208554499943,1.8346961380503506,1.1527524750598805,-0.04498946469564143,0.3832298673076977,0.055143101815383025,-0.4384609187991409,1.3611563492192198,-0.03243598647416585,0.0
136,1.0,1.0,1.0309114963189263,-1.3141948251203566,0.6798856523204567,1.3185612486246079,0.11780158039508498,1.7911960508302622,0.8448698856997917,0.37891165150471445,0.3642881455078487,-0.4568217945504147,-0.3287482748601376,1.2864541786567332,-0.6468124100629595,0.0
137,1.0,0.0,0.76564397316667,-1.3677752580859825,-1.2961324433310388,1.371866797468707,-2.050345044075354,-0.958330808879986,-1.5140147274413251,1.1975000801164526,0.18224929303981774,0.5745230273481664,0.1683850139852718,-0.7293906659115452,-1.664294568485919,1.0
138,1.0,1.0,0.9882663086731956,0.3825453641794643,-1.4716041245897793,-0.36947414098286424,0.1869398998425479,-0.46431267777420265,1.132967373375198,-1.923846872212404,-1.75029179416132,-1.2390201958885352,-0.17070684765261102,-1.0902915026636053,1.4307002056122107,2.0
139,1.0,1.0,0.5725907200031007,0.7976454313734568,0.695879763506248,-0.7824446169996151,0.45960900238254226,-0.7277690582019267,-0.5603057631894216,0.7095860640651779,0.4655906395334025,0.3107870867145212,1.4065661362998705,-0.05596539114009771,-0.3383635079328811,3.0
140,1.0,1.0,0.954229009442859,0.6278815652045935,-0.3452219041800986,-0.613551691743991,1.3130917772845572,-0.870887789327338,-0.6160352197944936,0.8353626105357209,0.9377720426107544,0.5035554381811107,2.832854590289903,-0.04840511072516288,-1.1890143119339862,3.0
141,1.0,1.0,-2.0075416961714088,-1.0447884844159827,1.0160902609112028,1.0505370454133336,0.1960029754255487,0.9636272615077662,0.7481958156376358,0.3861872074733112,0.47004080055907443,0.8205096833703792,-0.6405072221983291,1.4847963822008465,0.30942120955147273,0.0
142,1.0,1.0,0.42211694541338884,0.7499679334641428,-4.454144349310457e-17,-0.7350117193371449,0.15793805797694546,-0.6223617603429381,0.5689125940238525,-1.8458955442027167,-2.004806403118256,-1.6422382259902848,-2.058438577028448,-1.3615506514160842,1.4278636523569272,2.0
143,1.0,1.0,0.8316158813273995,-1.0880397554649328,0.6293540638122264,1.0935664241223164,0.5321136070465484,1.2967224307305059,0.449831103006958,0.593770820495798,0.2325638582258953,-0.7179431673950858,0.3381026871554423,1.2173528948278327,-0.774142133966793,0.0
144,1.0,1.0,-0.8538875212929933,1.2919146763425065,-1.4676997403620344,-1.2741781085288173,0.22034380699132203,-0.9928644223519412,0.42905774712585143,-1.9028791559516023,-2.541949678749346,-1.536107918445265,1.5947007652851017,-1.5827031766061723,2.065352732099882,2.0
145,1.0,1.0,1.6974643214010385,-1.063827399755203,1.0738248021283168,1.0694782852537166,0.7175182389730783,1.1610191989536531,1.663237359214694,0.3038846729685838,-0.016825109789959648,-0.08834387432868718,0.09939508485477846,1.4467176858157091,0.025870941551104375,0.0
146,1.0,0.0,-1.049306301043999,-1.1422087091765416,1.0904611831432796,1.1474574744197332,0.5284883768133483,1.2694268570211467,-5.648578695318763e-16,0.03739603760994029,0.45727113415567255,0.024893724361649616,-0.4517503234547236,1.5933192918853725,0.2289471431238024,0.0
147,1.0,1.0,0.36133605393064494,0.9616130348300631,0.08811018108894396,-0.9455710161556896,0.565258569178665,-0.6675922499680108,-0.8584883716049875,0.36521185486949304,0.7300387425738034,0.12210716787595897,0.24773928917646956,-0.3659219921770883,-0.5853537561984855,3.0
148,1.0,1.0,0.024577060580307244,0.9082731491641256,0.8467974097316926,-0.8925047805295537,0.864857953451005,-0.6721554912058327,-0.9221637886075095,0.08326378341374205,0.48335749773078673,-0.8703573478526536,1.2734708022822283,-0.01945420970003866,-0.14810432477294525,3.0
149,1.0,1.0,0.9404958134213526,-1.1937028423396603,0.8915068769583296,1.1986874268218002,0.3091619477047297,1.6312891169072676,0.7655343260086522,0.35219000857247423,0.0,-0.48270343198965054,-0.8673450202258608,1.3541815952201737,-0.603528708537894,0.0
150,1.0,0.0,-0.22695726655044257,1.1499935282629126,0.6404539171788812,-1.1329850596443343,-0.02358239869972697,-0.23385225573132418,-1.1390052947784117,0.6422956342389503,0.1803774465367517,-0.22765173745762046,-0.46585328681561,-0.395448107019775,-0.3082119974044982,3.0
151,1.0,0.0,0.6906042130874337,0.5175706746290342,-1.3478917523988276,-0.5038067300079797,0.3689782465525347,-0.829752460111865,1.1474839582135068,-1.6743380456365475,-1.4085366188923603,-0.5176736966488749,-2.259082657507225,-0.9933565159612296,1.4196691651749973,2.0
152,1.0,0.0,-0.25816907569022995,1.253050510821524,-1.2633766626314034,-1.2355133281454085,0.5877867856278387,-0.3354305213311666,0.9550317300477218,-1.7351590145991245,-2.2359234407924653,-1.2506357714444105,-1.1888184906196695,-1.1948623955019513,1.8534516981774132,2.0
153,1.0,1.0,-0.1226112604157428,-1.2379304303531307,0.5251495375782929,1.2426881136886128,0.13152566627791468,0.49961088567554635,0.3865878736848889,0.3446645891404915,-0.2329882147780969,-0.5419755439088845,0.7816451486912163,1.006762762008903,-0.12919396973772246,0.0
154,1.0,1.0,0.29917527193856314,-0.9581644928294132,1.3929266287930062,0.964357461579977,0.5432482427628065,1.6561120242054244,0.7570122068725218,0.21589021436680816,0.3139921556485575,-0.8542469436855122,0.744788049284371,1.519808799351309,-0.15797973240245047,0.0
155,1.0,1.0,1.1802025076149198,0.7778362309107267,-0.9581192408030472,-0.7627370438356197,0.5388461774796348,-0.2098010681967293,1.699210887578203,-2.095107913894242,-1.5863917681882305,-0.9123098846722104,0.5575302564661851,-0.8857617401257586,1.8428408878520939,2.0
156,1.0,0.0,-1.1123870100423061,1.031721388065501,1.635716296170573,-1.0153196919487448,-0.32214600290543777,-0.33263352884976594,-1.5523393869337525,0.6683000499374336,0.04617695982434942,-0.8299655472046963,-1.735372238330688,-0.09350210319115168,0.10581972033890737,3.0
157,1.0,1.0,-0.9390464784407079,-1.0581937637248686,-1.3554844621359095,1.0638735515111295,-2.1572893359547636,-0.5427492985732081,-0.8892103873558177,0.6584106629994521,0.5570012653805351,1.8202587290351424,1.1593590727539047,-0.6690883201405865,-0.8873941491221827,1.0
158,1.0,0.0,-1.8487228694537958,-1.4094741491537473e-17,1.2211212066398722,-1.4215656686093612,0.16829585864323204,0.1943983950189833,-1.2423355528925883,0.6076786911358553,-0.4090786712187079,-0.7975363840363722,-1.7169721247113687,-0.12220321016800925,0.31751063920542916,3.0
159,1.0,0.0,-0.5944023964655818,-1.180856712293861,-4.454144349310457e-17,1.1859072013791776,0.43630395088339746,1.5193180738416838,0.7879188006541723,0.7941002426528274,0.5483444072541714,0.19666704426753112,-0.3680082288777366,1.817184030434375,-0.24181563972527148,0.0
160,1.0,1.0,-2.2743205279767493,-1.6878563616230335,0.5445297410883813,1.6903057863737323,-0.3695329409536989,1.952765712108007,0.7896802757169095,0.9601682197886404,1.544817510657444,2.1739248997323974,-1.0302183971291616,1.7923020223697612,-0.6723413893605102,0.0
161,1.0,0.0,-0.3203298576823118,1.01443738828287,0.34344962861954764,-0.9981243644077094,0.028983439681677523,-1.3283776789493456,-0.5055987095530764,0.24252621587438997,1.0400628335104316,1.5335856290486751,0.11716942947243525,-0.4447079516754388,0.07776936036999359,3.0
162,1.0,1.0,0.4026670601389108,0.9035360401788856,0.881146554305386,-0.8877919743722288,0.8604558881678331,-0.5401264276060274,-1.293976881983565,0.5875587120184558,0.4667663495586902,-1.095841099317617,0.7776971947797205,-0.0013086200287889633,-0.6604698886995093,3.0
163,1.0,0.0,1.04418472883732,0.7670911114443338,0.07463873363628026,-0.7520470501411132,1.263115389069724,-0.6900149336680887,-1.1789455836356384,1.2769396993369606,0.832886444114475,-0.0982198200464183,-0.5822553423933147,0.0057887393058735975,-1.5153229938195527,3.0
164,1.0,0.0,0.641256700110633,-1.2875211480347044,0.5641041617261758,1.292024415716723,0.36224567611944825,1.7864993365102946,1.2298778802904893,0.18186883494111142,0.43346871768752177,-0.039164591547262484,0.9539883900047175,1.3897703720324603,-0.38059663417821205,0.0
165,1.0,0.0,0.451028937037613,-1.0431947508840687,-1.5644417575151832,1.0489514882252382,-2.674143589202464,-0.9771988643894491,-1.538152542151565,0.2692382507869162,1.4105738720163594,1.4992678544794973,0.4538656923585329,-1.2188666868648599,-1.4758213633015318,1.0
166,1.0,1.0,-1.1586461966410648,1.1452436966245323,0.8165173552884174,-1.1282595961049973,0.5981445862941254,-0.5696751414738122,-0.9112962647432888,0.8682828803731613,0.30455474248855535,0.3795492519170204,1.311527794978615,0.015541019786553345,-0.10250935763246365,3.0
167,1.0,0.0,0.8082891608124005,0.6923630272009388,-4.454144349310457e-17,-0.6777023439828448,0.15586649784368814,-0.14454204858368339,-1.1120062729624076,0.38170039450452825,0.08499797692355276,-1.4389209556438964,0.20352489015295888,-0.09797777086328595,-0.3890012364160889,3.0
168,1.0,0.0,0.22052151290629887,0.8653587917530222,0.565181547932581,-0.8498105869877011,0.4559837721493423,-0.853299155328478,-0.8071888859999408,-0.3962849053959514,0.7480289569691159,-0.5702158339206541,-0.155867985390774,-0.3221828251569443,0.01420955594605033,3.0
169,1.0,1.0,-0.3656691172748451,1.0542155647327334,0.3956148664377099,-1.0376984665624585,0.6841143318243039,-1.1238075316526295,-1.121499470239569,0.8016544895445143,0.9559916507663384,0.6721324933948114,-0.3703525177361165,-0.19922800704166319,-0.6013225004504513,3.0
170,1.0,1.0,0.3662642343211377,1.0483138492319417,-1.3770064986115813,-1.0318270286796545,0.429053490416997,-0.5163616809162194,0.7548448641012525,-1.9384501432605543,-2.4896391066198134,-2.00378380281457,0.3846397873800495,-1.367203101141288,1.7740282070294775,2.0
171,1.0,1.0,0.6632035301162941,0.39584861211712247,0.18398496762520877,-0.38270913916178756,0.975686420580271,-0.5798828016035912,-0.22475544897023758,0.69670693499283,0.4235972713901207,0.2799320498818097,1.3238169095339392,0.19370146841277083,-0.5828323755271224,3.0
172,1.0,0.0,1.6560676061208994,0.6177447542602316,0.4229927971203219,-0.6034668857614649,0.7428948506054804,-1.1124868120456275,-0.8153103274781898,-0.041644274777945266,1.0697194488749504,-0.5584912739633142,0.207847727788425,-0.24308175848761435,-0.658788968251934,3.0
173,1.0,1.0,-4.78096421817002e-16,-1.2241143946249944,-1.3756827074122397,1.228942958478492,-2.2049352190196814,-0.5123485787407878,-1.178597523663551,0.5783684991793955,0.387115813091745,0.7359736612884836,1.8477727618824578,-0.8122707269440824,-1.273690679480595,1.0
174,1.0,0.0,1.562366469629664,0.5250000478624254,0.5788273189586771,-0.5111979882687638,0.3619867311027912,-0.376685940645193,-0.6259776583259207,0.5133650054997618,0.32490537218776,-0.5998814104276579,6.878786317338385e-18,-0.10711244128884986,-0.635045966929932,3.0
175,1.0,1.0,0.8222194840495267,0.6455677127759576,-1.6784408650911808,-0.6311471039317595,-0.08313975253087483,-0.12811308008190223,0.9272295126914444,-1.9575241385058506,-2.3158687963997466,-1.7347564192681892,1.4890435052479438,-1.4090585002011158,1.5129602500154296,2.0
176,1.0,1.0,1.1093681281355707,0.9779835383312749,-4.454144349310457e-17,-0.9618575339325461,0.5271936517300623,-0.5953501617441253,1.4796489832898236,-2.3010441628145424,0.0,-1.4366238748114881,-1.6458234725372078,-1.117617596530741,2.128597363939905,2.0
177,1.0,1.0,0.7313438376488404,0.6623615205710648,1.372697061596851,-0.6478547543211247,-0.30764508197263646,-0.29399388101496354,-0.48364379972877414,-0.11925314090024916,-0.09026899479416714,-0.9731721300890401,-1.6139551785714354,-0.1543246622552894,0.44883254917225407,3.0
178,1.0,1.0,0.5212062257982297,0.7693607470328019,0.4514194707791569,-0.7543050418000646,0.7346086100724505,-1.135577063308547,-0.6657934964941877,0.9081459162119093,0.8792751748424611,0.8323969324550857,0.12034803241359164,-0.02978743321957322,-0.6398786132167111,3.0
179,1.0,0.0,-0.48190846541860066,-1.0969869378691672,-1.8396999206481106,1.102467704725479,-2.1761923221707367,-0.5710632037084811,-1.064630185855946,1.1478322089301949,0.563926982232889,2.120541593392952,-1.7364575148785224,-0.8194929833028783,-1.4618487120810615,1.0
180,1.0,1.0,1.1501077526969774,-1.4778841580120858,-0.3668536549443775,1.4814108048294983,-0.06837988658141646,1.0321127020462244,1.246698099186511,0.6772524035974611,-0.011321168177918273,0.8302739116991503,-0.7205533815681847,0.9025860395953443,-0.650804596125951,0.0
181,1.0,0.0,-0.7731967810326587,-1.2410739459718185,0.9591988910845481,1.2458155021041124,0.2988041470384431,-5.783908895756885e-17,1.0788832355294908,0.4233842403380783,0.8009199771320588,0.9962996936120231,1.4689821146740385,1.5748047403630152,-0.02319092401250139,0.0
182,1.0,1.0,0.08194108032564282,1.2959411019969096,-1.1842171818912326,-1.2781838773796514,0.2752401505226411,-0.6600514631832821,1.3518460574685238,-1.7075343781173287,-1.8044450006105148,-0.09058178765316284,0.31700292101203303,-1.265100356834885,2.0173414418160105,2.0
183,1.0,1.0,-1.2816535791877637,-1.2052642134164004,-1.7122917197254521,1.2101894845045236,-2.3856788406463827,-0.5229575228989105,-1.0583592221515237,0.8964573225136432,0.7628496294594498,2.3125219637895382,1.928036344319667,-0.7344530058438266,-1.1904851173256148,1.0
184,1.0,0.0,0.7594673204105857,0.8932007975929283,-1.395473218129721,-0.8775097547635368,0.07041464234682379,-1.2350792928516037,0.762333567347846,-2.0958836983390157,-2.2687717341138716,-1.5889469058476684,1.7199452659901222,-1.5647214426638243,1.9045096567725148,2.0
185,1.0,1.0,-1.1966917492556688,1.0455808459064648,-1.2159392043142587,-1.029108046502882,0.9461666886813547,0.4945076059004698,0.9794615015242354,-1.4743398291668233,-1.5304640850033826,-0.8184971508176951,2.237217515209471,-0.6402485660084973,1.4115797355210409,2.0
186,1.0,1.0,0.37441215923341903,0.5645798977242157,0.633143302951312,-0.550574781311913,0.4919771294646878,-0.19569127019797153,-1.2638503988238274,0.46093149890226304,0.29772400012719974,-1.3179874689417335,-1.7087030027191534,-0.035704572968394015,-0.7157301484135492,3.0
187,1.0,0.0,-0.4516165832850386,-1.0282007486610991,1.1522666031605076,1.034034409851165,0.29699153192184286,0.7343582603298886,0.6035940310251514,0.6083709088136663,-0.009135098670367204,-0.06867615249076948,0.2840289584335162,1.347546011121525,0.042470030970911066,0.0
188,1.0,1.0,0.3461572583279273,0.6675171404291125,0.7014770566305778,-0.6529839242615971,0.8506159775348612,-0.5902964520906215,-0.7327754089942183,0.35574154505534,0.41385639838086286,-0.6169593882551676,0.06254817546030504,0.09037610828297928,-0.3468731676987314,3.0
189,1.0,0.0,-1.4012440899970544,-1.1046825975407355,-0.9374620094908285,1.1101238832930078,-1.6334435672573195,-0.5862618126148819,-0.5400321660289172,-0.08408923593238252,0.7854450234130322,1.406214722779896,1.7858425854072988,-0.3309233251577209,-0.30978786032410005,1.0
190,1.0,0.0,0.5660198128157771,1.0510439841233936,-1.2177448150835812,-1.0345431571383523,0.22578165234112269,-0.2573217221887674,1.349056222931933,-1.8033698998002234,-1.7132033919990026,-0.5373447849515824,-0.6300442245173775,-1.1789729731748944,1.7579544052495382,2.0
191,1.0,1.0,-4.78096421817002e-16,1.214610458600765,1.085143655929814,-1.1972704852303853,-0.034975979432642225,-0.16606808626453518,-0.641149737670289,0.7041653860637963,-0.2208053926316145,0.39629635808985836,1.6203869297216082,-0.08008197524029964,0.48770383452243427,3.0
192,1.0,1.0,0.6124761266301554,1.480049964098282,-1.1165520692231545,-1.4613482043210242,0.5352209472464342,-0.6497774351154312,0.721794806305777,-2.05762244893257,-2.5633137611532457,-2.1840777759639884,1.2727027901941206,-1.5202145599907546,1.989291081847097,2.0
193,1.0,1.0,-0.653606270223368,-0.433810239438126,0.28960932333647216,0.4426933069866008,0.8185067954693724,0.8032963907274149,0.7036025001268525,0.6765408393080905,0.09524873827413524,0.5975437364998253,-2.2805003599375957,1.0069529721557493,-0.20178872156738326,0.0
194,1.0,0.0,0.89699640784127,-1.6155927329933903,0.10640193701781456,1.618412892412973,0.05384216128076535,2.005721236693785,0.7707959513774264,0.25812492622312655,0.7141019397795657,-0.31313093270467895,-0.24078398997111575,1.2479320405437142,-1.029747099526221,0.0
195,1.0,0.0,0.33584093404382914,0.8212103874254105,0.7601526100366065,-0.8058886775700537,0.753252651271767,-0.8050649523320721,-1.1727172559180978,0.5534811673325027,0.690104036220802,-0.554861610718982,-1.5959125976094994,-0.03687218826739921,-0.6120383683037443,3.0
196,1.0,1.0,1.7117888990694041,-0.8698816424810365,0.619476467818224,0.8765275294411167,1.16212683257343,1.91359841002548,1.5706341668720465,0.5758648711989207,0.7879449673977482,0.38686220260310344,-0.8797573084754324,1.5509551379749469,-0.7934727191139095,0.0
197,1.0,1.0,1.171397491983906,0.8994182571900597,0.3860886882174376,-0.8836953168782314,0.3267702088374168,-0.6753731533811689,-0.5306917991042078,0.051099770505039825,0.5973186929830487,-0.11223549541310612,-0.21040979389142303,-0.40714030182941285,-0.2754340486767787,3.0
198,1.0,0.0,-0.2200578140037527,0.619434747469532,0.781775204185243,-0.6051482087851584,0.2063607760918353,-0.17677077007952774,-0.9356540701864934,0.6165738959187504,0.0,-0.6299065678571248,-1.908552585874505,0.008946686081196205,-0.28604485900209814,3.0
199,1.0,1.0,0.3251303553284916,1.103464460358211,-1.1171736211426917,-1.0866947001868874,0.46478790271568565,-0.7636836949473752,1.0013513105522491,-2.3533568824672915,-2.5654485095072395,-2.1076648664864353,-0.7783891154779996,-1.3573648823412496,2.2774638810782974,2.0
200,1.0,1.0,-2.0907950902347996,1.174526298015461,-1.3373997695251167,-1.1573919687330392,0.7107856685399924,-0.1541908486013694,1.0690648097741091,-1.2309091823374994,-1.4786335505606294,0.4377317276439752,1.0516567134728565,-0.7641613099235501,1.7314799082002263,2.0
201,1.0,1.0,0.4955796877676674,0.8923944702892044,0.8631495036546728,-0.8767075641671943,0.005419443165875494,-0.13664082777108394,-0.7350673481103955,0.018530139138597468,0.020999755341205455,-0.9453063250447693,0.04984093831532879,-0.29791384377041247,0.051399920848655176,3.0
202,1.0,0.0,-0.6838981523569301,-1.0022229641188942,0.9893421752565503,1.0081898993436744,0.4174009646674243,1.6319620720513428,0.6203108000149884,0.5681779669961395,0.7118935619772124,0.18812711606077304,-0.6279785896522739,1.5231420602981176,-0.41652630874513535,0.0
203,1.0,0.0,-0.24673569718428678,0.6681845291780532,0.9749564839538659,-0.6536478891007292,0.19936926064209182,-0.4808471833011653,-0.6549824665800852,0.11235458514092804,0.20328610954133602,-0.4864198272176862,0.9739257182736984,-0.012956126912363055,0.19039103035754265,3.0
204,1.0,1.0,0.1588864034892029,0.9398867034957763,-0.9565618528705839,-0.9239561475919008,0.6610682253418164,-0.806200771660315,1.04583607272155,-2.2556747798994627,-1.8208212353042734,-1.5257995931389787,-1.2950606616335998,-1.0547462679331239,2.046127204480739,2.0
205,1.0,0.0,1.0853843169018393,-0.718186378107244,-0.956706492557221,0.7256105084890215,-1.9553122229621749,-0.34913407099979943,-0.3889373753810982,0.16573966976169627,-0.17257669033724632,0.5483866634522246,0.48248345376552415,-0.863489965281095,-0.49048680843845116,1.0
206,1.0,1.0,1.7601507759681063,-1.332546590764541,0.6350749415268034,1.3368188640595013,0.4391523460666263,1.7638408545885984,1.2499024374379106,0.7843509098946985,0.3849631079278111,0.07420862935084704,0.07432852497545826,1.4517250252236007,-0.8592387316252955,0.0
207,1.0,1.0,-0.8356861083841067,1.2659203273400927,0.1886932664207639,-1.2483171185419002,0.8301593212189451,-0.44548407721910616,-0.09058674795394259,0.1715811955728989,0.24998972891317126,0.7812724399260357,1.1286557777815038,-0.18857967635114917,0.3050087933765874,3.0
208,1.0,0.0,1.083347335673769,0.8078418282342367,-1.4042785032829534,-0.792588703204458,0.4865392841148874,0.03818771289348884,0.9948219457156423,-1.8628277269473434,-2.3065476088225707,-2.0978028585580413,-1.286681223947661,-1.1697283017005573,1.4264979044932722,2.0
209,1.0,1.0,2.7962514212653016,-0.812646350877778,0.48939202450769465,0.8195858725097318,-1.1499468784189154e-16,1.8976978387206633,1.5758160892462416,0.3688283551517089,0.3283031787850125,-0.3438458625998308,-0.055016678179985,1.2371737088044237,-0.7845428292361654,0.0
210,1.0,0.0,-0.4657440337377845,0.9819904983523142,-0.991640181768375,-0.9658439370147103,0.7548063213717101,-0.31467094560329395,1.1006161612870309,-1.9763978535744127,-1.5464088118009716,-1.0067654467843954,0.16286132971098444,-0.8460009443697358,1.851770777729838,2.0
211,1.0,0.0,1.9413106871226198,0.497093477449851,0.8593917986085859,-0.4834345871564005,0.6797122665411323,-1.2424684238078314,-1.3052596618180683,-0.2070683618642942,1.2258932086506484,-1.473487747279537,-0.4305575703474832,-0.19378295512717586,-0.7791848953095191,3.0
212,1.0,0.0,0.2606040467489732,-1.2032789783329512,-0.6519235037559336,1.208214434288417,-2.4434235793609305,-0.16293499940531123,-0.7164725075043539,0.028435559678861657,-0.32764805072931114,-0.055134173757689364,-0.6456892913732637,-0.6770450626688224,-0.3338460342300224,1.0
213,1.0,1.0,-0.5279048157298664,-1.1686403307068838,0.8253337988851885,1.173753493591849,0.4347502807834544,1.7815214584407222,0.9139640724027498,0.7082543274350318,0.9568730992263471,0.7715966786895644,0.6445670286769826,1.649281179606653,-0.5793654771039982,0.0
214,1.0,0.0,-0.4104827042923925,-1.0995895485214522,-0.9728899819468707,1.1050569631836282,-2.499873592992192,-1.1621488685442478,-1.276812936011185,0.3389349010437808,1.0209363796520903,1.5544494387181957,-0.8318279007853919,-0.8450854148075142,-0.8555617181462244,1.0
215,1.0,1.0,-1.0943827243490394,-1.190375730242719,-1.463621168811229,1.1953773838345196,-2.706770661301267,-0.19943057436373476,-0.9077398713780997,0.5797977767706548,0.40500825559458,1.803080351319079,0.05131228781837437,-0.8013233309022074,-0.8318187168242224,1.0
216,1.0,1.0,-0.9126314315476668,1.2612871973661282,0.4171796885551691,-1.2437077579515023,0.7164824589064496,-1.1455113597445337,-0.5240816390306673,0.7335342639949972,0.8213096300462048,1.556120497842861,-1.257795442977203,-0.1554865483330023,-0.046618752750582956,3.0
217,1.0,1.0,-0.8295751646998957,1.2776300937092673,0.34478569573485723,-1.2599668102035093,0.9774990356968715,-1.0346604286332335,-0.1559751804293829,1.2918025334620105,0.5683587472030918,2.158790444856757,-0.17275055208903958,0.04091230334937431,-0.14337673601413953,3.0
218,1.0,0.0,1.2336896921197344,1.0298960199738785,-0.8550141715078876,-1.0135036885575652,0.415329404534167,-0.9170756689240549,1.4138262343528076,-2.3039231334545076,-1.7645002882309224,-1.1580047780709328,0.1970893066512566,-1.2110783834425627,2.138682886625357,2.0
219,1.0,1.0,-0.4616043622097706,1.0130562085110666,-1.3342908451033781,-0.9967502705134782,0.3956495832682226,-0.5663361338522198,0.8657769442214598,-1.702414124905108,-1.7417717893992095,-0.7199107018340548,0.12552466023281117,-1.147281212684401,1.6953401185773562,2.0
220,1.0,0.0,-0.12162562433764426,0.39685681773126424,-1.2686100548211123,-0.3837121723706462,0.6123865622102693,-0.28585209729953603,1.1558756265045382,-2.0505124156744614,-1.6529597249166073,-1.3263810571713541,-1.9858008028435243,-0.7556625830612342,1.6532120498599987,2.0
221,1.0,1.0,-0.09921883082887056,0.6740142612826218,-1.1102161561925756,-0.6594477128843008,0.5129516758139182,-0.6519806484647065,1.2338396920786652,-2.192083013621657,-1.6950259192293786,-1.0814480646691944,0.42798696670958575,-0.9337886563597076,2.0012676400360716,2.0
222,1.0,0.0,-0.10618399244743365,1.0608330720507713,1.0855812314023847,-1.0442820240300539,0.41222206433428116,-0.5381695571506889,-1.046541534636328,0.29549831062194754,0.32645344708984525,-0.7175360813392139,1.773296706681316,-0.1312840259134417,-0.05313231948493748,3.0
223,1.0,0.0,-0.6182547895555667,1.0265307211065968,0.3727679077126018,-1.0101556547098365,0.2692844151395264,-0.03386864511772779,-1.3801986758048495,1.6166148322042084,0.112626782014494,0.2110578129549747,1.383589460958118,-0.14199996141517895,-0.9877240883368369,3.0
224,1.0,1.0,-0.7905439760071932,0.7296510470856141,-1.766791308047259,-0.7147990648424444,0.06860202723022372,-0.5526350423666182,0.6660968159221264,-1.5352728745215298,-1.9991180139397882,-0.7124118725848132,0.47571325190193986,-1.2684198676505989,1.5131703650713766,2.0
225,1.0,1.0,-0.1995565835793029,-1.252639673801678,0.9214654744297249,1.2573218941884696,0.12997199617797164,0.7527167003794264,0.900689382773627,0.8411919256830486,-0.027131642515397267,0.5287911713826069,-0.21946890121524604,1.380515387959797,-0.06426841745012422,0.0
226,1.0,1.0,-1.639965148112523,-0.8465139140996523,1.0060023063351047,0.8532796847025601,0.4919771294646878,0.9962449848698769,0.8277218905334272,0.7196237009861625,0.4541313632108264,1.0216182061632075,0.2727703421100617,1.5252630180198574,0.1065551230347216,0.0
227,1.0,0.0,-0.8611155191990493,-1.1770814901413622,0.54608952628131,1.1821513472789231,0.39746219838482316,2.346281758101507,1.2673255263126455,-0.03491494486153458,1.0291998103172186,0.5713129803431598,1.0123081541687138,1.5877997600941112,-0.2598855345367066,0.0
228,1.0,1.0,-0.6582059052544945,0.6448196181879897,0.5788259980969791,-0.6304028472994082,0.4119631193176239,-0.8497864529621806,-0.8809885943631548,0.28392830987434836,0.6555939331095998,0.08313777752740027,0.7550330626500165,-0.043824025381285894,-0.1445323688218476,3.0
229,1.0,1.0,-1.1507611080162763,1.3749252573593294,1.0118200559965016,-1.3567628197014217,0.04892220596427919,-0.08844949583751423,-1.3886293854354292,0.6604136581148939,-0.03340930164701577,-0.5817751904277225,-0.9533375381081726,-0.29359057338460487,-0.04336196938340571,3.0
230,1.0,0.0,-0.2822843050677078,0.8861856202370705,-1.4514995762861498,-0.87053056742788,0.5137285108638896,-0.02820525990426026,0.7242082886574753,-1.6110386095639753,-1.8629300499675543,-1.330290917205224,0.549120305515217,-1.0502453916873131,1.3473895859292568,2.0
231,1.0,0.0,0.140027899861584,0.5859466249252351,-4.454144349310457e-17,-0.57183189062238,0.4013463736346803,-0.23811167325168636,-1.370809649742101,1.0294270792574225,0.2825282665169875,-0.8067224596720421,-0.17687397489308698,0.052466996848039,-0.8983201320314227,3.0
232,1.0,1.0,-1.9461694230418056,-1.4086458801718558,-1.581762689874559,1.4125277406769283,-1.5531706120935982,-0.8022676889340811,-1.1781225927956045,1.3600912319751381,0.6600423040968414,2.1543452325232915,0.7880594121227964,-0.2263329529669874,-1.3737054461113287,1.0
233,1.0,1.0,-0.1320733667654889,-1.1759069729217393,0.42510399175072344,1.1809828556943367,0.2804190508557843,1.3122510026671077,0.700437589956838,0.7471873370870808,0.521471416829193,0.5077402419208404,1.5683740750405966,1.2905815096744055,-0.6431353965838884,0.0
234,1.0,1.0,-1.4651133078578404,1.1759877935172214,1.2303404462723633,-1.1588459663127997,0.8555359328513469,-0.60953370203104,-0.7992124572344267,-0.06227249145419666,0.22372832296639764,-0.6330703910419163,-0.5604971578406472,0.11069880204461714,0.5693335337578126,3.0
235,1.0,0.0,-1.7759829268901228,1.4255358451926115,0.9720216432240314,-1.4071137596332872,0.3073493325881294,0.07014231046819878,-1.2662199750403385,0.7920637642731634,-0.23819428718966673,-0.4648080075116776,0.7046244235798682,-0.13565427591383,0.06862935543630257,3.0
236,1.0,1.0,-0.6502551075578329,0.9449412075007001,0.9259468949573884,-0.9289847204347144,0.7133751187065637,-0.7414344379262912,-0.6504161387575861,0.8493870837260049,0.3744686465400593,0.4621194739333196,0.45808924446753535,0.16137376435903258,-0.08170796709371857,3.0
237,1.0,0.0,0.06249119505116478,-1.2344824931512335,-1.221980383258112,1.2392578654663735,-2.0397282983924105,-0.8422632172122712,-1.286840764651575,0.44322872987246714,0.7693741353182586,0.8621299714891895,-0.26926151412397714,-0.7190035877118824,-1.2225276633575197,1.0
238,1.0,1.0,-0.43308662501678585,1.2367968929050228,-1.1040647400664314,-1.2193430962942173,0.5181305761470617,-0.9984545659281818,1.0064294053109264,-2.0848454228700386,-2.3273130397044146,-1.2572265164823648,-1.3704625522121299,-1.287211713483416,2.338397247302904,2.0
239,1.0,0.0,0.39793600696403775,0.5392071151945655,-1.9787751526070583,0.0,-0.22970263195882995,-0.9580101550250218,0.46533494590190605,-1.896228402861853,-2.7719320445621984,2.795608922035752e-16,-0.8045648416075271,-1.6888759597173377,1.5996327105935342,2.0
240,1.0,0.0,0.8640761628327784,1.0046552282650736,0.050938306927350685,-0.9883923898832786,0.8814304345170635,-0.9160743777087497,-0.8488504540056919,0.30299245653642337,0.9481506060851462,0.056148226951092256,-1.7724438224592465,-0.36349738572695367,-0.7311736050256478,3.0
241,1.0,1.0,-0.7998089551413194,0.9785175504443527,-0.7908951988262669,-0.9623888063990319,0.9686949051305279,-0.13992780804057164,1.6767670129372927,-1.7819134216131032,-1.0529316153565353,0.17261658985948564,-0.17353798861893033,-0.4734686425537169,1.9590345137907406,2.0
242,1.0,0.0,1.4961974342533149,0.1799396874490843,0.6508999597023922,-0.16790789376773507,0.27498120550598387,-0.5261917707816677,-1.3724079784970853,0.011643657919551199,0.6699501720513039,-1.8507306806705461,0.6991495962166921,-0.1368860584912863,-0.8939077158565372,3.0
243,1.0,1.0,-1.3463113059110285,0.9777203062972123,0.9858295383389838,-0.9615956523598823,0.6916237373073624,-0.7355776481073942,-0.5061022728535827,-0.14143924162020216,0.31794237929460917,-0.11510408859279754,0.7686691802772441,0.07693650097973664,0.6300567849264724,3.0
244,1.0,0.0,-0.23931057206261105,0.47251536554665063,-1.0901851842064836,-0.4589825685362393,1.0158228981621318,-0.42108330290011287,0.9059574431358919,-2.0222884659881304,-1.5156143454949011,-1.7062500977286463,-0.28812363991550866,-0.6205618158101042,1.5316604899947055,2.0
245,1.0,0.0,0.16493163810154068,1.2528873867911414,-1.2194379486655158,-1.2353510409915371,0.4311250505502543,-0.15848777869682992,1.099860476469514,-1.9011104646738843,-2.2124676522025752,-1.3314706271188121,0.029813495778326,-1.254001709350942,1.9014629884612846,2.0
246,1.0,1.0,-1.817642478457755,-1.1754713970440385,0.785370467444573,1.1805495144550266,0.04374330563113589,0.7583351357953695,0.7018896887893251,1.0148945293199894,0.3162994401458921,1.38715173276479,0.05923991394228512,1.454272237009355,-0.013315516382996143,0.0
247,1.0,0.0,-0.11065220933481373,-0.8703006397365585,0.5501575374089562,0.8769443771116854,0.32728809887073107,1.0056513923727577,0.6220635276728911,0.4539094820349717,0.1837659601460134,0.0540715959431731,-0.02218170164202587,1.0681227220300904,-0.2630372603759104,0.0
248,1.0,0.0,0.6433593904105765,1.0521582851169509,-4.454144349310457e-17,-1.0356517414246567,0.11521213022851327,-0.7338993515564383,-1.6983135806043121,0.0,0.8123665072479178,-0.5484152668840885,-0.16750475981394852,-0.43418910138609196,-0.9215378457135571,3.0
249,1.0,0.0,-1.409194887693716,1.4271060102715734,0.5160234206461074,-1.408675869281852,0.393319078118308,-0.3323965523931511,-1.004128539234247,-0.09038296499596254,0.3008110489822845,-0.288043880781762,-0.02102491801589262,-0.41799144695360957,0.27065498172926605,3.0
250,1.0,1.0,2.152105389691963,-1.4094741491537473e-17,-1.2458167225513854,0.773212039823721,-2.3450244730312075,-0.3814353478876177,-0.7276302962639456,0.7640620887708284,-0.5391992040733207,0.3741091840177064,-0.27868198980708186,-1.1702187230430228,-1.0712448230757374,1.0
251,1.0,1.0,-0.5108204570428249,-1.1102097456778217,-1.6172614028576884,1.1156226754580327,-2.4045818268623558,-0.34093403137803285,-1.037594148140066,0.30412436889564687,0.884162039955066,1.571308805947112,-2.6614174622290356,-0.8917865892348423,-1.111797028873493,1.0
252,1.0,1.0,0.7559190305294309,-1.4094741491537473e-17,0.988585137783248,-0.39395501478121114,0.3627635661527628,-0.3301592826634693,-0.6867327230001123,0.2553956667792749,0.14470249690561454,-1.0821593056360468,0.6792048388480799,0.10865576173242675,-0.21807263840326957,3.0
253,1.0,1.0,-0.45312789193812303,0.6767041059302703,1.2755492726079833,-0.6621237578005529,-0.5184263255315685,-0.7377538531637058,-0.14151717627873034,0.48378346438566416,0.12389633863682606,1.0109653291018381,0.18427366686493052,-0.03321236170702964,0.6735506015074848,3.0
254,1.0,1.0,-0.34641635921598674,-1.2801193593185727,1.1004257307120326,0.0,0.19548508539223444,1.5476932960603162,1.0187034737055043,0.3751587174335476,0.5643910760480468,0.2882879458938427,0.7102025775364752,1.5923017821841836,-0.11742752660469495,0.0
255,1.0,1.0,0.036864657020602494,-1.0269704970025548,0.6200358656643995,1.032810469762492,0.3814076073520786,1.3743318400067916,0.5276390876332321,0.3592724076750326,0.37523416348901295,-0.3671822445326168,0.9414420702697434,1.2067515437519025,-0.48250243631246814,0.0
256,1.0,0.0,0.6599180765226322,0.8017557462289138,1.0678621344637456,-0.7865338446740676,0.6408705140425576,-0.5627333628939234,-1.0390774237442664,1.1514057301643883,0.33318791673065506,-0.3940999708091838,-0.0916256436744945,0.134959762521343,-0.7030181875287607,3.0
257,1.0,0.0,-1.5841781460921451,-1.420192952806742,0.7941401149454045,1.424015573273208,0.0243224293818485,1.9312726735819425,0.789762113100771,0.6822421611692484,0.9962381358876368,1.019086600733457,-0.3133408941991941,1.7202914399695495,-0.4451019563539165,0.0
258,1.0,1.0,-1.253661514569765,0.9200470789702775,0.7437397498153877,-0.9042183064499479,0.5396230125296062,0.15150523797920296,-0.77898116556735,0.25223635013097784,-0.27701996029988674,-0.8921735797901037,-1.0231108306332848,0.04833279076482232,0.18597861418265732,3.0
259,1.0,0.0,1.4229318191146558,-1.1983582925143392,1.2507104398641922,1.2033189931034092,0.542471407712835,1.544745800392538,1.478704130157844,0.8173248192341698,0.45665159369541,0.43275196596259524,0.36858103564444666,1.69161439572211,-0.42198930019975534,0.0
260,1.0,0.0,-0.5685787312193998,-1.4261111485645603,-1.1137031470321985,1.429903406864245,-1.9907876902442065,-0.8046059853805175,-1.3589585279958014,0.0,0.6588946880251223,0.7918062305001375,-0.49728147215729773,-0.5058547846646172,-1.1697887843148431,1.0
261,1.0,1.0,1.1171875076884858,-0.9890275431444556,0.7035586698456341,0.9950621749424433,0.6587377201919019,2.2648848177837997,1.089119680590536,-0.24450015596294666,0.33004596475683134,-1.1858604214968747,-0.5167962354374517,1.3105913879535842,-0.3962502058462576,0.0
262,1.0,0.0,-0.6752902639415361,-0.8369526671156111,0.4864131314516725,0.8437674898599902,0.5020759851143172,0.873032273229012,0.4372961845434481,0.3089091637886892,0.22275963035412671,-0.12352562122566094,-1.1073972067776792,1.0763556130245278,-0.1972712478645245,0.0
263,1.0,1.0,0.9031730605973542,0.6437177684902635,0.33315969410355634,-0.6293066504299526,0.699909977840391,-0.34319247104890493,-0.8864212534568872,0.9949370781541094,0.3680765717307083,-0.30697836539916,-0.8138322100035948,-0.020028277673345956,-0.9829964995780314,3.0
264,1.0,1.0,-0.31415320492622756,1.2510840750638441,1.1481152362356395,-1.2335569808087414,-0.3164492125389801,-0.8149381943113275,-1.0775557634645103,0.5993639290331059,0.4824972973413734,0.4027330975833293,0.022785722009691225,-0.40696957103495734,0.0751429221706571,3.0
265,1.0,0.0,-0.6221973338679609,-1.0651186783746112,0.3857025911153498,1.07076293921615,0.035457065098106616,1.6707314769371058,0.9002848292509952,0.4182597076402458,0.5967242141044805,0.7444120484455057,-1.9405898274002793,1.2187313454703266,-0.3449821321952091,0.0
266,1.0,0.0,-2.29666161241365,-0.9787419645749605,1.031591951077179,0.9848293645585147,0.46556473776565693,0.9071008323747894,-5.648578695318763e-16,0.7523829910205804,0.4356948219859755,1.9211488722889396,-0.8463248576703605,1.7296518417139588,0.5133378713479585,0.0
267,1.0,0.0,0.052174870767066624,-1.4094741491537473e-17,-1.461861604322548,-1.1412427999625834,0.030019219748306184,-1.2306493363337265,0.6527482557282069,-1.7564008134857805,-2.0871339132942186,-0.8370702270854888,-1.475701158266546,-1.6018009628558982,1.8428408878520939,2.0
268,1.0,1.0,0.5712108294937628,-0.8158045778332761,0.951845324717951,0.8227278967883536,0.5730269196783803,-5.783908895756885e-17,1.058123379949599,0.6127916657275752,0.27445804508603905,0.2252103930194274,-0.22134685396975223,1.3434163884153356,-0.25295173769045826,0.0
269,1.0,0.0,0.8299731545305686,-1.185553623371009,0.6702363146095887,1.1905800158560587,0.16648324352663152,1.1057697530771844,0.37592418229062174,0.3923619935128008,-0.018425630617451325,-0.9694489149538207,0.49779942862555965,1.0581057515257872,-0.531564301876074,0.0
270,1.0,0.0,2.2059211195561437,0.3999469468875325,0.7840276622517961,-0.38678644821271896,0.13981190681094396,-1.3578001154138093,-0.9208547021056958,0.22860638804079947,1.193352924363008,-0.27722628549098394,1.5879108178348602,-0.26706427880962175,-0.7361113088404005,3.0
271,1.0,0.0,0.2209157673375383,-1.2974596816499255,-0.8816960354934618,1.3019119615938677,-2.202086823836453,-0.7058568884971809,-1.2317867876839947,0.02838592002744084,0.5923546005898498,0.20161202041897738,0.3948831391156551,-0.7006815380248816,-0.8899155297935457,1.0
272,1.0,1.0,-0.7002597112533661,-0.8607538464542106,0.5422132362210292,0.8674465618188677,0.4966381397645167,1.67658390894686,0.8516966360638214,1.23210034291459,0.8744501449272386,1.4666530354259573,0.6672115076768138,1.4995078766305754,-0.7874844400194223,0.0
273,1.0,0.0,-0.540849502888894,0.7350202528358962,-1.1805220911910117,-0.7201407249137488,0.5383282874463203,-1.042484988135362,1.0668726843327523,-2.1800678996080913,-1.9739434683696118,-1.1616876094424198,0.5619186538418681,-1.037794647978811,2.1815463580385286,2.0
274,1.0,1.0,0.4654192237778518,-1.1661391663333345,0.7124044195852377,1.1712651609617848,0.4319018856002256,2.0615117670406624,1.4795815284619052,0.19196197003752602,0.5799191826021706,0.31491611661619606,-0.9112046454907163,1.5172764835409114,-0.2692356545263445,0.0
275,1.0,0.0,-0.021879253234071052,0.9371485190251527,0.5560499540431371,-0.9212320108508512,0.9182006268823815,0.032427227834434455,-0.675118779891866,0.5427741083938588,-0.10496244152883882,-0.8181377225236343,-0.13856957252783506,0.04931821682678735,-0.31556602436264036,3.0
276,1.0,1.0,0.27775411450788795,-1.2579041308654564,1.0140311035093128,1.2625593429662898,0.4520995968994845,1.655642377818269,-5.648578695318763e-16,0.34525173875992987,0.24357957065939526,2.795608922035752e-16,-1.1865179158707861,1.5886052886075561,-0.14841949735686563,0.0
277,1.0,1.0,0.5976915854586771,1.2901436201866536,-1.2315429524480015,-1.2724161384364518,0.2441667485237813,-0.9534795152682766,1.2279140563037263,-1.9119393600187586,-2.3372089810608037,-0.8961882256482198,-0.6702478782131011,-1.4823363863507897,2.165262441202642,2.0
278,1.0,1.0,0.4020099694201784,1.1550300174854347,-1.2913826625439924,-1.1379957101261273,0.27290964537272655,-0.8414887799608695,0.827981910091482,-1.751973311745932,-1.9082411335709693,-0.9678504753112896,-1.3426402694064905,-1.393792417150467,1.7079470219341713,2.0
279,1.0,1.0,-4.78096421817002e-16,1.1464875904956546,0.052134425413710286,-1.129497108417497,0.9896694514797582,-0.9852343055140498,-0.8731818680310975,0.6533548059239579,0.9781947327142462,0.5316626970073343,-1.727709826102481,-0.31056396437982203,-0.8018773213517864,3.0
280,1.0,0.0,-4.78096421817002e-16,0.8636261103012597,0.2753804405258446,-0.8480867947253755,0.5559365485790074,-0.9354661181350885,-0.348220048889534,0.017535017364885674,0.6901123644785092,0.7138926767012482,-1.2021785867879564,-0.1881476930658489,0.14290502771353875,3.0
281,1.0,1.0,-0.6915861137660988,1.1574094242760915,0.9857309968659671,-1.140362909827196,-0.33509325373829596,-0.6199598537094397,-1.631678891481853,0.08838626628816675,0.5826893176313714,-0.6830834889027908,0.7118390865147776,-0.5306107498608392,-0.05933071363537162,3.0
282,1.0,0.0,-1.0638937149998575,1.022031181161444,0.5235012818796007,-1.0056791987902625,-0.32111022283880913,-0.23986706500254865,-1.0921586819240252,1.14343611043592,0.164116305644962,0.738212962531427,0.5353513950229233,-0.3040567148380787,-0.33048419333487167,3.0
283,1.0,1.0,-0.09146516034782864,-1.4094741491537473e-17,0.7265909177310487,1.002473322134964,0.5473913630293211,1.4490022890059997,0.8313582789015707,-0.2157105253941162,0.2760100752763374,-0.7238536526938657,-0.3226358282802387,1.2511667588843245,-0.021299888508979112,0.0
284,1.0,1.0,0.1341140833929927,0.8938596685521435,1.2506504709213926,-0.8781652455118281,0.36043306100284817,-0.6084373068634621,-5.648578695318763e-16,0.20685014140405864,0.38260261701700243,-1.0082242236825933,-0.6631670367948722,-0.0651195409180457,-0.07130727182434606,3.0
285,1.0,1.0,-0.7504614421645188,-1.0689311600099718,-0.1032377779436859,1.074555861646645,0.23380894785749473,1.3365698143308127,1.1040519657615793,0.782144961077213,0.6133266495079738,1.6515233827259077,-0.6411484396659473,1.18189359841671,-0.5020431365155318,0.0
286,1.0,1.0,-0.7581494035736874,-0.8835551557566645,1.0626209220292797,0.8901308933828012,-1.1499468784189154e-16,1.1779503423083904,0.2801297541015894,0.6049814428958127,0.2746703553500754,-0.4543868808239347,0.9912046329671858,1.415162280791927,-0.31661659964237493,0.0
287,1.0,1.0,-1.6567866705120715,-1.2221268819241382,-1.234426539926999,1.2269656423298574,-1.8455195358995373,-0.3963660225767688,-0.63859551236238,0.8102588150534293,0.1864208143434036,2.795608922035752e-16,0.3356964504669471,-0.3169428793646566,-0.6493337907343225,1.0
288,1.0,1.0,0.025102733155293135,-1.4094741491537473e-17,-0.970638849267836,-1.0301110593409042,0.49353079956463086,-0.9615947607780296,1.547003641880551,-1.8421673306689992,-1.4024859791744113,0.1824855917043782,-1.9369274659806277,-0.9868481205752311,2.1110527567683373,2.0
289,1.0,0.0,-1.5950201429512292,-0.927064160017421,0.6856082043665175,0.9334166830528432,0.09967542922908339,0.964598087495918,0.6102281048934536,1.437150428245629,0.73276677910039,1.9959608534803084,-0.7816650118894237,1.4202933713796935,-0.46579828936468803,0.0
290,1.0,1.0,-0.8273410562562057,1.3239160963961012,-1.1199822413433498,-1.3060153514425092,0.6310306034095852,-0.15556281720354953,0.8626506995682851,-2.0124354465180616,-2.1759167568115583,-1.5406380552716195,0.6968017390398086,-1.140597503126913,2.0451816867289776,2.0
291,1.0,0.0,0.5361878941853276,1.3566062151337646,-0.8795526229310534,-1.3385377598039319,0.6266285381264135,-0.3525932419654794,1.1283781956331607,-1.9259832245909714,-1.5574520794254838,-0.9943868268584655,0.9054090238578434,-1.1213473195908572,1.7946194825122757,2.0
292,1.0,0.0,-0.34483934149102907,-1.0102314876699605,0.40158564514003753,1.0161573367026513,0.6157528474268125,1.5309208058984762,1.2393466413504677,0.10223588886120079,0.5725585611881323,0.5049106647807657,-0.5675987657001031,1.350267391234507,-0.14285144837427224,0.0
293,1.0,1.0,-4.78096421817002e-16,1.1741433501802332,0.5405377037933015,-1.1570109855381374,0.01603618884881934,-0.9466638239741961,-0.5185529415548435,-0.11426394997844053,0.0,0.7937243833820342,0.9117720984397472,-0.4734296838489389,0.40596907775908236,3.0
294,1.0,1.0,0.24936779545864976,1.2757936780727257,0.7191458290538588,-1.2581398159447181,0.6727207510913888,-0.14841670572231416,-1.4464035987269002,0.5285956297097693,0.26463777228463464,-1.2763271519763861,-0.004246658609679763,-0.2854757043487501,-0.6460770073671454,3.0
295,1.0,1.0,-1.4019011807157866,0.5841239382856842,-1.556402319897468,-0.5700185549265971,0.2775706556725557,-1.0691860223809173,0.6983165054349966,0.0,-1.6710763852061026,-0.4688778455016972,0.2899096704884337,-1.0674536807554402,1.7902070663373906,2.0
296,1.0,1.0,-0.43643778768232094,-0.9824741512034594,-1.053568312546322,0.9885424039202604,-1.8336080651333075,-0.8076415813810403,-0.6771233528037246,0.359973889400039,0.5672091009484689,1.500633672755336,-0.46593756231630995,-0.5891610997611689,-0.6304234356990998,1.0
297,1.0,0.0,0.6258150682204224,1.1985077530171961,0.6105126988236366,-1.1812503914853838,0.3785592121688498,-0.9895304330690494,-0.9555225034766678,-0.31642783826173965,0.8823185475995144,-0.4318361641550078,-1.349427871309183,-0.548888111621773,-0.08013210417411666,3.0
298,1.0,0.0,-0.36737755314354925,1.1079930368376927,0.7259591227782788,-1.091200043674427,0.43967023609994055,-0.6519138558285827,-1.0050514932978563,0.1401298663354224,0.5336076576226759,-0.33940922559043984,-0.17097257599451215,-0.2615172467561671,-0.06206220936268155,3.0
299,1.0,1.0,-0.12885362224370028,0.953857483181428,0.9546236446358796,-0.9378552528753801,0.28482111613895617,-0.4760358806996427,-1.4046156081983434,0.920973436140426,0.367521644391815,-0.507124624005248,1.5760474111859868,-0.10639972616031096,-0.5834627206949632,3.0
300,1.0,0.0,0.6012398753398319,0.8872302419466924,0.5820654941496011,-0.8715698299064343,0.3306543840872742,-1.035000706340844,-0.4488140719472927,0.6650558717791136,0.7138835851912806,0.9429192940070577,-0.4302695360800922,-0.1947993189841096,-0.25946530442481275,3.0
301,1.0,1.0,0.46673340521531653,1.0541281977387966,0.8121018692420896,-1.0376115477881058,0.196520865458863,-0.7641668104830219,-1.5595294723354824,0.5308614538608176,0.7995470600024086,-0.6012735229529502,-0.628101448063623,-0.3857691605716141,-0.6902011691159985,3.0
302,1.0,1.0,-0.9570507641339747,1.5440244133298473,0.49005751077686877,-1.5249944449267197,1.0362795544780474,-1.0940062844047103,-0.5105491733770198,0.8221236850112006,0.7321856426948639,2.795608922035752e-16,-0.6971307185437758,-0.13419447032901136,-0.022665636372634083,3.0
303,1.0,0.0,0.5284342237042857,0.2939741591259314,1.1114492069274509,-0.28135733348728553,0.6139402323102123,-1.0432241151926054,-0.9415403621909559,0.9783528112129812,0.6724519729124485,-0.14563658565116197,-0.8759918308144251,0.3479871060772471,-0.6339953916501974,3.0
304,1.0,1.0,-0.11715740745026416,-1.442464128200042,0.5847668816860437,1.4461724906781994,0.09863964916245473,1.834895243267799,0.6392373045435761,0.30738717860243464,0.7557485133261928,2.795608922035752e-16,-0.08850389697922417,1.4158463498140141,-0.6672986280177842,0.0
305,1.0,1.0,-0.7754308894763488,-0.9164940437197064,-1.569391400614047,0.922900794706866,-2.4864084521260192,-0.69505344381341,-0.9340636464430893,0.49210923908652043,1.0199610814442042,2.392540721252541,0.17908363646961958,-0.9563572048672219,-0.9554714272489848,1.0
306,1.0,1.0,0.46712765964655595,0.8461721699674029,-0.047721800032969185,-0.8307223984804761,0.580536325161438,-1.2371916231113824,-0.17386035866502908,-0.3291167149281031,1.0880158514384308,0.8988152293140594,1.4424405806490095,-0.41671383060582784,0.004544263372492037,3.0
307,1.0,0.0,-2.445558369278404,-0.7856648050735604,0.9756679596809509,0.7927427503446174,0.33816378957033194,1.8152198237580333,0.5747739104154259,0.41763101600009106,0.9487593413318298,0.8320051319741438,-1.1400418182165901,1.5734686859580713,-0.04998059364573368,0.0
308,1.0,1.0,2.0995381321933735,0.7307702458206544,0.6857272333735931,-0.7159125217433099,0.44096496118322637,-1.0076571668451844,-0.7389747895892851,-0.14381363981512255,0.904964705844489,-0.7407430463010131,1.2575322246217069,-0.35823910642653706,-0.4677943823961838,3.0
309,1.0,0.0,1.0175725547286592,-0.9916157884229587,-0.8981980220222988,0.9976371417256021,-2.110679232956474,-0.1361922700908602,-5.648578695318763e-16,0.24854974878675085,-0.575179455928421,0.22785011952474257,6.878786317338385e-18,-0.740352957928777,-0.4190476894164984,1.0
310,1.0,1.0,-0.37743104114015447,0.7186571163814212,1.15741752822901,-0.7038615363884103,0.5297831018966345,-0.638149767901093,-1.1729671699279345,0.9188936425930189,0.37772998232033317,-0.40331374513579454,-2.3552877265520844,0.20209477760334404,-0.40549526830792204,3.0
311,1.0,0.0,-0.6995369114627604,0.8912402815581213,0.6356631797415778,-0.875559296779741,0.6452725793257292,-0.7990190830869249,-0.8025502341639875,0.04497732280333142,0.5838835051102502,-0.15237730527192106,0.6498068405484784,-0.08509046049244959,0.0536061289360978,3.0
312,1.0,1.0,0.15665229504551287,0.726544280507127,1.0632499897860417,-0.7117082369332521,0.22241536712457935,-0.3241240677614568,-1.5247985854653565,0.010120045032738879,0.31091593930030426,-1.876246734373343,0.6693072787333576,-0.1694990777652905,-0.3318499411985266,3.0
313,1.0,0.0,0.06853642966350255,0.22568940595848644,-1.454954826496679,-0.21342290213228582,0.1869398998425479,-0.8229516092886268,1.3280218466642326,-1.9226154885251296,-1.4210229394895253,-0.3262498146410652,0.03226099798172779,-0.9063789158617301,1.6863051711716386,2.0
314,1.0,0.0,-1.384225440381886,-1.0961437883917078,0.9901460375600362,1.1016288808644918,0.4026410987179661,1.6837371532830823,0.6980897501747773,0.14117966601176063,0.8841367515861556,0.18797373522033425,0.34692077656342934,1.5937352333510642,-0.123836035811076,0.0
315,1.0,1.0,0.8215623933307943,0.7459220280695675,0.9900820829810868,-0.7309865706832046,0.4326787206501971,-0.8879291585932046,-0.9058777468793272,-0.23191217085381086,0.0,-0.9786234664328695,-0.6340720186345359,-0.1792502124017118,-0.09463004303445414,3.0
316,1.0,1.0,0.17873054319492038,-1.626525471728868,0.3161009250036677,1.6292895428319363,-0.024618178766355515,1.8120597732125827,0.7464378943696136,0.19574407655220658,0.7049380102063266,-0.13714636121115023,6.878786317338385e-18,1.328782811395156,-0.7197223344765408,0.0
317,1.0,0.0,0.19141239406645505,-1.2922649501566976,-0.9958011788160285,1.2967438806729485,-2.144083140105248,-0.7458210075866942,-1.4073779526206656,0.25817801165348897,0.6405512132670098,0.269181459433085,-0.17737977340388364,-0.7104406935711088,-1.1295517511010078,1.0
318,1.0,1.0,-0.10953515511296871,0.883463885408278,1.2420133895342862,-0.8678227959369339,0.25167615400683907,-5.783908895756885e-17,-1.2592648298762137,0.23171293349792407,0.4331526877564136,2.795608922035752e-16,-0.4315622131688585,-0.0992886166945501,-0.0918985473071442,3.0
319,1.0,1.0,-1.289210122453186,-1.1051899842737025,-0.8301572242250574,1.1106286669757823,-2.2883155143832887,-0.6250987602636074,-0.8072974803805677,-0.0007239360845821187,0.7112400334533133,1.421237227134821,6.878786317338385e-18,-0.5703016491171219,-0.3087372850443655,1.0
320,1.0,1.0,-0.2353023186783436,-1.4094741491537473e-17,-1.3570855755895486,1.0683487025450848,-2.015387466826637,-0.6642201187833926,-0.9366886181456,0.9017145305420551,0.28070131238161344,1.494431908857954,1.0973508203128362,-0.6948067945136142,-1.0821708059849775,1.0
321,1.0,1.0,-0.4091028137830545,-1.4975076937778216,0.17980305623998988,1.5009336658135715,0.04529697573107894,1.4339161272230834,0.8523006283888441,0.25733846372219576,-0.03323023979328764,-0.12173054410720696,0.5023644763590318,1.2124704524440746,-0.26261703026401656,0.0
322,1.0,1.0,0.3899852092673761,-1.0446907068796647,0.46748855673194634,1.0504397695058882,0.3966853633348514,1.4926057725497262,0.7755886606043383,0.4539389429835992,0.23726996566055927,-0.1869236157728018,1.4373265452003592,1.1924227613043796,-0.5214787791906218,0.0
323,1.0,0.0,1.1323663032912035,-0.9395195121943888,-1.3299774707802856,0.9458081354374432,-2.099285652223559,-0.5964771579163176,-0.9712006021467822,0.7994645985452192,0.02943549690532675,0.7782439643194837,0.3890054190299859,-0.943849168945816,-1.2340839914346005,1.0
324,1.0,0.0,-0.799940373285066,-1.3258336538893003,0.43132961933511355,1.3301403666177205,0.37778237711887824,1.4862280072359821,0.8033884423230356,0.5496344009731652,0.8978599900920189,0.7630961963636127,0.7911181532831406,1.5032673916413954,-0.575898578680874,0.0
325,1.0,1.0,-0.1256338777219117,-1.5055341167173855,0.8273182521299848,1.50891891073167,-0.2988409514062929,0.7103861014937012,0.6334725714947457,0.4579148842727216,0.0,-0.15711620677179383,0.1575437588429521,1.1846814374966632,0.0028633429249166767,0.0
326,1.0,1.0,0.1370052825554151,-0.6206528106733981,-0.946516679327361,0.6285773182921539,-2.363150624197209,-0.023681237711023307,-0.04563527962122425,-0.651990478362499,0.3037289109842255,1.0899745051207312,-0.6764958745107129,-0.9520671639648999,0.12367950009439559,1.0
327,1.0,1.0,0.2841278944795919,0.9901146514243827,0.41215849232017776,-0.9739264106796379,0.6312895484262424,-1.2550185189518757,-0.5537907195148939,0.0,1.0530063984171767,0.19221486678463234,-1.502178886752273,-0.37183454854887527,0.09195212664641066,3.0
328,1.0,1.0,0.01761189896174416,-1.232752739054849,-0.23393947178240534,1.2375369855411913,-1.6225678765577185,-0.7469147672490388,-0.7221778195339135,0.15346210282206846,-0.22856725116010235,-0.22109974266181184,-1.4111246498604793,-0.25943410189494354,-0.2409751795014838,1.0
329,1.0,1.0,-1.2271807586048504,1.1436881831722099,-1.6926487611183314,-1.1267120629157152,0.15379493771043082,-0.3652191644081839,0.6881266504741386,-1.2953264816342294,-1.9234495855132643,-0.20100724417637514,-0.08214961113487396,-1.2912496686489545,1.5505708450299285,2.0
330,1.0,1.0,0.5303397867886096,-1.144199641857916,0.8241503999990206,1.1494381930033324,0.5248631465801477,2.1408005152566494,1.1243556121531602,0.5748853695581975,0.6592985294523489,0.12190632419342623,0.9403688395537773,1.5973881848458829,-0.6537462069092078,0.0
331,1.0,1.0,0.07287322840713617,0.7376235706886485,0.20670200096366168,-0.7227306869442089,0.5261578716634334,-0.604671887731849,0.2213214287999053,1.3829600196796457,0.2282744060776975,2.0254772677401065,1.5419599834554507,0.11100932583856275,-0.2815273852992393,3.0
332,1.0,0.0,-0.23832493598451251,1.5557403389500877,-1.0737208330922379,-1.5366502642405389,-0.03730648458255668,-1.3314234358403414,1.1134723321669735,-2.285774978401515,-2.3234431618417304,2.795608922035752e-16,-0.10867352452511127,-1.7009302413125325,2.721647109350086,2.0
333,1.0,0.0,1.9465017038006054,-1.375497038405519,0.8495383984931326,1.3795489626772361,0.30139359720501474,1.428322731790511,1.0373990320620778,0.2700153314754025,0.16680564452428723,-0.8135329934537269,-0.8835300088507099,1.2944670675536174,-0.5339806250194635,0.0
334,1.0,1.0,1.3778553958096156,-0.993570601456043,0.9897596385612771,0.9995819259658302,0.880653599467092,2.359592629414271,1.7065613665647779,0.07704823523874683,0.6612830210859482,-0.16117436694213205,-0.010885378505999237,1.6611704596286878,-0.3528614467932186,0.0
335,1.0,0.0,1.2457144522725367,0.7122873041797627,1.0974953295917402,-0.6975244032849681,0.16259906827677437,-0.679645550372196,-0.9618762430228528,0.8912054759152215,0.43833860537546876,-0.3356733791811751,0.4343569775528437,-0.07269357146407882,-0.5968050267475925,3.0
336,1.0,1.0,-0.6367847478238194,-1.140114489366736,1.3906282361811573,1.145373998602479,0.31511768308784444,1.8748701822559617,0.8244116332603603,0.15002123226629624,0.4669446796763099,-0.45335670062983047,-0.7094924725402251,1.6621982819282028,0.003178515508837068,0.0
337,1.0,0.0,0.15803218555485082,1.1198555938259873,0.3662185748404564,-1.1030017420922262,0.7250276444561361,-0.8406032005574666,-1.1861607128045277,0.753145803715655,0.8112011519012531,0.1375827312107631,0.9937005831280221,-0.27183557430034816,-0.7567025843231985,3.0
338,1.0,0.0,-0.4227045916608145,0.3501591711731455,-1.4823071827479717,-0.33725409912018867,0.2936252467052997,-5.783908895756885e-17,0.6065940365856687,-1.8857664628809498,-1.5588684767451177,2.795608922035752e-16,-0.609976246262014,-1.1088003249646767,1.6350370975205901,2.0
339,1.0,1.0,0.7703093172696698,0.5608537835767534,0.5658516803502045,-0.5468677832775061,0.6191191326433558,-0.8143836406012456,-0.6570185822102308,0.0700794258327349,0.6874511558883262,-0.43703306088090527,-1.3051117672792638,-0.07025865241562128,-0.3306943083908186,3.0
340,1.0,0.0,0.37053532399289807,0.6718358154922339,0.37133760016663575,-0.6572804431916831,0.41947252480068214,-0.6187385354588771,-0.5671691091054235,0.2634209464158386,0.5104747129952951,0.019676162591813293,0.9333871865692225,-0.16246473986482382,-0.27963634979571705,3.0
341,1.0,0.0,-0.5060236947960786,-1.310971463699103,-1.2256682409412432,1.315354424040099,-2.059149174641698,-0.47447522178949003,-1.0923752870000714,0.5160948943702406,0.43243360452530943,0.8838333579958962,-1.585767722821368,-0.5708126956562333,-1.0363657237885489,1.0
342,1.0,1.0,2.082190937218839,-0.8023824013767574,1.1813881001856352,0.8093745802304957,0.9831958260633282,1.8712843413663638,0.8144823681218102,-0.12764480681803023,0.4313721256538206,-1.781803821227207,-0.7397376881622674,1.337132578503924,-0.5794705346319717,0.0
343,1.0,0.0,1.766458846867937,0.7769285572367913,-1.0326353140379896,-0.7618340268071556,0.4311250505502543,-0.34451105139915994,1.6813180219422037,-2.1501803358184004,-1.9167003955325226,-1.2947256828327696,0.6263809987598964,-1.0659721041297172,1.8651130837824674,2.0
344,1.0,0.0,1.750031578899628,0.37820748391313136,0.7085303208968324,-0.36515851537817334,0.49767391983114506,-5.783908895756885e-17,-0.5319205536832693,-0.24874438569036367,0.0,-0.6640905762583497,0.23681223210607408,-0.12170476791573442,-0.30947268774017966,3.0
345,1.0,1.0,0.14186775387403464,0.558541863976051,0.998315932699002,-0.5445677245363246,0.5023349301309744,-1.4946832829782293,-0.7254940522665778,0.20595237266836855,1.0265867773720978,0.3039361724231942,-0.05972060373153558,0.05464753847120256,-0.046828867806529874,3.0
346,1.0,0.0,0.200283118769342,0.7485300773450765,0.8916200520910121,-0.7335812398627656,0.632066383476214,-0.6108823834046097,-1.0912117643419832,0.8029525834892098,0.41973501470165603,-0.5035987847351174,-1.2287743081536626,0.07375105394222396,-0.5637119054359527,3.0
347,1.0,0.0,1.827502574638174,-1.1946659620360816,0.4217152230949219,1.1996456054175801,0.512692730797261,1.5110865934886764,1.3871866421754848,0.5724860767767767,-0.053352830868608835,-0.10574429877561604,1.0493160287296834,1.2426703237105223,-0.5607702946526958,0.0
348,1.0,1.0,-0.6544604881577201,-0.9298731935547582,0.5076116312904773,0.9362113053830752,0.5624101739954359,1.2961295966978887,0.8718069916952759,0.48996909180304915,0.575916820370825,0.6290587649406026,0.8639495557648877,1.3366856992432639,-0.30800188234855125,0.0
349,1.0,0.0,-0.8200473492782764,-1.4030742595767065,-1.4186510337175853,1.4069847042112462,-2.509972448641822,-0.40293401377741644,-1.2758237862042896,0.324872009120841,0.8375779262024705,1.1871100448309442,-1.8596325859441105,-0.7355988501019275,-1.1261899102058572,1.0
350,1.0,1.0,2.55463916398741,-0.5446860164443129,-1.5360013577226834,0.5530002571118903,-3.0022269253070917,-0.4217753215204086,-1.0918107059448503,-0.1717535728463403,0.6979950944051999,0.6019832416039973,-1.168195711573406,-1.7585570407408346,-1.2328233010989191,1.0
351,1.0,0.0,-0.3544328659845216,0.8413017112788254,-1.269231222037966,-0.825876926744858,0.5385872324629776,-0.2921656737126051,1.2523734123372814,-1.914617188721269,-2.032028752003301,-1.027992815011971,0.6019034752502717,-0.9663271957569378,1.937392663028208,2.0
352,1.0,1.0,0.23800012602457982,0.7784842650912915,0.8710190727795382,-0.7633817534012727,0.057985281547279874,-0.5690847772619682,-0.9106536815878562,-0.8605260569618818,0.4989391468376219,-1.4241827855641447,0.4680205925195356,-0.39236807765400505,0.33085294525805853,3.0
353,1.0,0.0,0.22544969329679163,-0.9248804006296457,0.8959108000081308,0.9312441270232288,0.4080789440677665,1.6872590735124091,0.96072266563655,0.9089865304971237,0.7142991503025076,0.7424448972351508,-0.27083373993619636,1.4820371892273452,-0.6171861871744438,0.0
354,1.0,1.0,-1.1161981362109539,-1.3326271738269313,-0.9173713770265094,1.3368990337059667,-1.6243804916743187,-0.7084979041960954,-0.8500682985177943,0.48780649764139267,0.0,1.0360659199955602,0.885958303391076,-0.24309780030722955,-0.6780144958710772,1.0
355,1.0,0.0,-1.0686904772466037,1.0137290728275759,0.5947525980166224,-0.9974196828288306,-1.1499468784189154e-16,-0.4385615917117383,-0.983123345344825,0.8560206492038201,0.0,0.3702430022163892,0.9574830943323706,-0.10987278010660977,-0.22910367884048286,3.0
356,1.0,1.0,-1.636351149159495,0.9666753063137536,1.1715308528287354,-0.9506073166277124,0.4218030299505962,0.18316213366694623,-1.6049226755993369,0.38287399487471296,-0.2501409424757493,-1.8194017722399527,0.209341432497426,0.06830829371625353,-0.0446226597190872,3.0
357,1.0,0.0,0.9549518092334647,0.6525398487703284,0.6078686652132648,-0.6380834707213687,0.6400936789925857,-1.6710748191880045,-0.493957668173281,0.4736409149368718,1.285568700331544,1.0406375114338993,-1.1366627575874384,-0.07708673834962985,-0.39950698921343486,3.0
358,1.0,1.0,-0.5423608115419783,1.1604801995075453,-1.307174975223864,-1.1434179310360488,0.06523574201368049,-1.2889234962933838,0.7221020760410631,-2.168958561056123,-2.2963783658266377,-1.1868987261105142,0.9099418936360589,-1.5639972690927104,2.3185413745159202,2.0
359,1.0,1.0,1.536477095311609,0.10592111194737702,0.11047327126895834,-0.09426905635281245,1.047155245177649,-0.8454216761653143,-1.142217517363992,0.34302339333360227,1.0232836790516529,-1.0948162512674193,0.6926560266372254,0.05323127496819244,-1.3174996686455278,3.0
360,1.0,1.0,0.4434066847003175,-1.2338164044289606,0.5894886585472672,1.2385951939843722,0.41403467945088124,2.228284745219746,1.3123485108517123,0.6055319998803472,0.9081271560478745,0.7218250782416387,0.6736133699990651,1.5980000656797064,-0.7356910787285065,0.0
361,1.0,0.0,-0.2594832571276947,1.0113151114343013,-1.0248771499042466,-0.9950181058008978,0.8661526785342908,-0.25610192654592595,0.9455634292462731,-1.7120897647068676,-1.3541867906293747,-0.93153986247096,-0.9421768763399323,-0.808534128818422,1.5085478338405445,2.0
362,1.0,1.0,0.6330430661264784,0.3592414508408931,-1.1782078641457638,-0.34628978389629855,0.8317129913188872,0.24836139281016023,1.4167046784822197,-1.6607099527166567,-1.0907797252295908,-0.8137068142008743,0.6195778997145033,-0.4737757288148871,1.1134264711323616,2.0
363,1.0,0.0,1.7160599887411645,-0.810456952653173,0.8318779614384464,0.8174077065722574,0.616270737460127,2.011395239353797,1.122647921472091,0.8991335696137407,0.5002862586428641,0.096021210097211,0.8139428070221659,1.379155270825435,-0.905253928877671,0.0
364,1.0,1.0,-0.26973387233991963,0.6816403940013023,0.326368700035873,-0.6670347211936214,0.6333611085594998,-1.0391123679017034,-0.00911578272599191,0.7726210963344965,0.6050098646497429,1.6211873122371163,1.0944964318138475,0.08316416452250304,-0.055338527572380114,3.0
365,1.0,1.0,0.07681577271953036,0.6172389711763082,-1.0177995133291922,-0.602963697500521,0.9396930632649255,-0.6628803597553948,1.1759028457457004,-2.015459566056776,-1.6497943189479085,-1.343938984453496,1.0256780056885244,-0.7212482966134971,1.7788608533162567,2.0
366,1.0,0.0,-0.10638111966305336,0.6228261290772542,0.9951348106367623,-0.6085221915608365,0.38244338741870715,-0.995410855706495,-0.7863574914428643,0.44627916794472133,0.6552887411378588,0.09128739682784989,-0.10259753796855815,0.07164957557287151,-0.10408522055206552,3.0
367,1.0,0.0,-0.7304201752431816,0.6272999274930969,0.6709330893611748,-0.6129730380130733,0.4404470711499121,-0.16288195813594403,-5.648578695318763e-16,1.2941745425768403,-0.041453985442272044,0.2187437390557271,2.086199918089361,0.23379799653641894,-0.45896955004641316,3.0
368,1.0,1.0,1.1470194263189353,0.45191776629182623,-1.0546477074074314,-0.43849064130874543,0.4313839955669113,-0.8122321259473991,1.3960430742186931,-2.2164910945744176,-1.4149445725706835,-1.0595121641388567,1.4859383477732833,-0.9335468832212502,1.7585847504173788,2.0
369,1.0,0.0,0.8368068980053852,0.6590455690980729,0.40843584425884283,-0.6445558147003563,0.12790043604471432,-0.7042101294234098,-0.9110207224982115,1.4931903597541174,0.6217426617904521,0.8863374458969221,0.7558696831884193,-0.13610917608429304,-1.0456107862502133,3.0
370,1.0,0.0,0.6536757146946747,-1.4094741491537473e-17,-4.454144349310457e-17,0.9274268833941705,-2.4592192253770175,-0.7589401643869534,-1.0577732143765812,-0.060210653184426415,0.6642748126199254,0.6835529327263642,0.0011120164601700368,-1.0146165103259934,-0.7382124593998696,1.0
371,1.0,0.0,-1.5078899136473174,1.0686463932329948,-0.8937683946925961,-1.052055260468454,1.099462138542396,-0.6231969843598472,0.8854953242959004,-2.2609616748919654,-2.072060523455472,-1.7535958509941223,0.5811453733838822,-0.8039140847697703,2.327996552033532,2.0
372,1.0,1.0,-0.180698079951684,1.3456543626857274,-0.9735812410206252,-1.3276420937316409,0.5442840228294351,-0.7564477123508341,1.179893542289834,-2.0485790590721353,-2.002220038844762,-0.9193370983701252,-1.9069302765849598,-1.2134949689828944,2.2573978932353667,2.0
373,1.0,1.0,0.5034647763924558,-0.9000993167802682,0.7752104996420117,0.9065901777654807,0.5965909161941823,0.990436655300802,1.627262699761497,1.093111125603407,0.4697183597490084,1.7828281237001695,-0.8470156565875802,1.4893190294875616,-0.23194023209576628,0.0
374,1.0,1.0,0.7403459804954738,0.49431259659280197,0.7156968132611075,-0.4806679730745367,0.4119631193176239,-0.8218603982352541,-0.7721749017544589,0.08046866931042834,0.6556914478921085,-0.5610013552937013,0.562833079225585,-0.07503338543911654,-0.2990719924708072,3.0
375,1.0,1.0,2.2206399516557487,0.23115026206131903,0.8092576535649544,-0.21885574236160776,0.5906351808110676,-5.783908895756885e-17,-0.8227074723638802,-1.0991207539793157,1.3359336087212748,-1.6446730127277642,0.6434965007234081,-0.23499668140246982,-0.2457027682602895,3.0
376,1.0,0.0,-0.3590325010156482,-1.4335511064579427,0.8022780078269458,1.4373051954824545,-0.15020651184508033,0.9563884041448398,0.39426469849903434,0.653683785904435,-0.0640352528947653,-0.27276570751867224,-0.41818418826920706,1.2544816863230044,-0.2782706019320621,0.0
377,1.0,0.0,1.1591756046154842,-0.9776526766639082,-1.527287752251291,0.9837456650298988,-2.683206664785465,-0.3940900495310693,-1.0742991711288408,0.2548611799631453,0.5268746785058949,0.8763624521885331,-1.321810583577125,-1.2370604019949551,-1.2264147918925379,1.0
378,1.0,0.0,0.7272698751926997,0.4269724716339541,-1.2407010846476947,-0.41367332369452015,0.4808424937484297,-0.7156598323712374,1.4198949924958666,-2.23741045147058,-2.0777231284135382,2.795608922035752e-16,-0.36735424803925526,-0.9739974772206492,1.9755285456825737,2.0
379,1.0,0.0,0.8811605215198199,-0.9269129624710208,-2.22124468515826,0.933266261196418,-2.5107492836917933,-0.18313060081068752,-1.0295542628421916,0.9649811478521093,0.45974044231396544,1.7525007421750085,0.14502930717747173,-1.2662851597977607,-1.7532782946794394,1.0
380,1.0,0.0,-2.1131361746717,1.429454051395103,-1.4212376295790787,-1.4110118642313254,0.5253810366134621,-0.43509269463057054,0.537805091385512,-1.6384101863450706,-2.351618592376485,-0.9780439182764729,-0.18033437471643612,-1.2482255084458664,2.0627262939005457,2.0
381,1.0,0.0,-0.17780688078926157,0.9071672567642417,0.6309251086561454,-0.8914045616982473,-0.12845513044587858,-0.6379223635542225,-0.6082766940626022,0.5361158385407064,0.4033830913159264,0.6854371782091948,-0.17054603765963205,-0.2905689820760002,-0.007957582456349708,3.0
382,1.0,0.0,0.42395679942583947,0.7507798855272881,-1.2576656556084707,-0.7358195058361606,0.1884935699424905,-1.3568838283753497,1.0669778234818588,-2.2566717410874846,-2.1225337249240623,-1.2560708116374768,0.7586306633448794,-1.3563954980989,2.1799704951189267,2.0
383,1.0,0.0,-0.8022401908006292,0.5400423187701184,-1.6990516011815866,-0.5261630876943436,0.22811215749103703,-0.3872319949403053,0.9302162341725326,-1.4532381189292125,-1.610251207327678,-0.25497235135014346,0.4167444007004766,-0.9843307007401838,1.3947705310452871,2.0
384,1.0,1.0,-0.052039717223886665,0.633292224834598,-1.2870737378372252,-0.6189345930238488,0.42154408493393897,-0.3769767605431018,0.9624597614686966,-1.8188269617773685,-1.343046127887697,-0.8208350912438958,-0.6643899933252397,-0.9240650219854829,1.4507661934551415,2.0
385,1.0,1.0,0.24581950557749496,0.953620163298415,-0.9257318527672879,-0.9376191505164514,1.0590667159438785,-0.13574954924044394,1.2205936430139896,-1.7488882481403107,-1.452080805737768,-1.0956242293886356,-0.10726198598795579,-0.6836840843002465,1.538384171785007,2.0
386,1.0,0.0,0.13549397390233067,-1.430088710367065,0.4641986721528722,1.4338605625497889,0.031831834864906254,1.9583191337557133,0.535069224446279,0.40968011733705134,0.3960186597894975,-0.5263415915724767,0.6915881341884196,1.3052196700716157,-0.764581898921208,0.0
387,1.0,0.0,0.35699925518701137,-1.0132946611113574,0.772796424749203,1.0192047951209715,0.5411766826295492,1.7788654859795698,1.3270716123783368,1.0084452130554975,1.014946703141192,1.4179102004932054,-0.10370988007067412,1.6294259903023214,-0.7115278472946109,0.0
388,1.0,0.0,2.723314351486009,0.27473686541593323,0.8082839529141586,-0.26221873301825877,0.3451553050200754,-1.171964702418452,-1.1099867299159045,-0.6247065899586727,1.2125890293399182,-1.789278607245835,-1.3289634592767356,-0.3291220579839879,-0.6854735803571927,3.0
389,1.0,0.0,0.07228184676027703,-0.8457656920010235,0.6900607461394244,0.8525353012137168,0.6657292356416453,1.496676358513903,1.4775852138720733,0.9712102635806413,0.6775920530046039,1.563325903549832,-0.5297098340803222,1.541299108411952,-0.38847594877622155,0.0
390,1.0,0.0,-4.78096421817002e-16,-1.0354767299867245,-1.357461137178589,1.041273063151908,-1.7753454363854457,-0.43554747280919776,-0.7545438351399372,0.9650318631521,-0.17561360256191183,0.9376932138667592,2.03034404555372,-0.6640958767080486,-1.1256646225659899,1.0
391,1.0,1.0,0.21828740446260883,0.9786575524881412,0.6897683750280492,-0.9625280901892211,1.1383038910409708,-0.5775353955608857,-0.9512256903710197,0.5712741665116252,0.46607752799639446,-0.6350511968326491,0.49936261659000664,0.05711110362611514,-0.5306187841243128,3.0
392,1.0,1.0,2.063398142663093,0.6947665792918709,0.37548356189310766,-0.6800935651113624,0.9057712660828369,-0.3706849057388152,-1.0719698076250943,-0.2196541292947266,0.0,-2.012793260361422,-1.3974103350507405,-0.29628101570262133,-0.8668028736393847,3.0
393,1.0,1.0,1.3289021372640544,-1.2494901545393233,-4.454144349310457e-17,1.2541885329298437,0.12453415082817121,0.9940540795094978,1.318726671842664,0.520399305377651,-0.5241822935958863,0.001344893760415583,0.4009951526493975,1.0268436826320835,-0.14421719623792723,0.0
394,1.0,0.0,-0.7782563795668979,-0.3617148798576846,1.0173834409457996,0.37096781880300206,1.3446830693167307,1.6694632483954452,1.3203253646993667,0.013766351923277806,0.888665630024854,0.4982567341992684,0.13673222769908402,1.5944548235451506,0.1253604205419709,0.0
395,1.0,1.0,-0.2780789244678207,-1.194831432032038,-1.4108321093785336,1.1998102265014996,-1.8670119722820817,-0.756207840615969,-1.023163214495968,0.9909291866148129,0.37485656064207806,1.4579220904386785,1.8436906828594875,-0.5979783713272365,-1.242383536144504,1.0
396,1.0,1.0,0.11518987069350055,1.1586117039615962,1.077073460476896,-1.141559021447665,-0.0303149691328132,-0.003416417766450642,-1.7546635206739012,0.2564044119815012,0.10724084375435317,-1.871737781754722,-1.0877835878101427,-0.42381462747326576,-0.40864699414712585,3.0
397,1.0,0.0,0.7814798594881199,0.48392026342852945,0.7720997244284128,-0.47032895577977807,0.212057566458293,-1.1535913915508607,-0.6228323813391694,0.2509449492700689,0.8700928990088826,0.22622221543831375,-2.2895167606718325,-0.0953595167335298,-0.2323604622076601,3.0
398,1.0,1.0,0.3897223729798832,-1.5364900706687454,1.0732059998952213,1.5397160511061898,0.12867727109468585,1.4899087231675325,1.1671500613999592,1.036971928912429,0.24985834493726347,0.5594497666393736,-0.8047698858354327,1.711686149591229,-0.4374327568118539,0.0
399,1.0,1.0,-0.23898202670324487,-1.5553768291398768,1.171356004627834,0.0,-0.13518770087896492,-5.783908895756885e-17,0.17409699975696452,0.06251084975745737,0.09942008284606159,-1.6681192187817075,0.9443898060638239,1.4300639853684989,-0.3377331627650404,0.0
